Flight,File name,Latitude (GDA94) (deg),Longitude (GDA94) (deg),Ellipsoid height (GDA94) (m),RMS Error North (m),RMS Error East (m),RMS Error Up (m)
1,100_0017_0001.JPG,-38.75468201,143.67058115,102.663,0.008,0.008,0.023
1,100_0017_0002.JPG,-38.75476781,143.67095236,102.191,0.009,0.009,0.023
1,100_0017_0003.JPG,-38.75484297,143.67127759,102.012,0.011,0.010,0.028
1,100_0017_0004.JPG,-38.75490064,143.67151139,101.818,0.009,0.008,0.022
1,100_0017_0005.JPG,-38.75515717,143.67167956,101.808,0.008,0.008,0.023
1,100_0017_0006.JPG,-38.75537235,143.67175733,102.706,0.009,0.009,0.023
1,100_0017_0007.JPG,-38.75526955,143.67141508,101.985,0.008,0.009,0.022
1,100_0017_0008.JPG,-38.75520354,143.67107804,102.772,0.008,0.009,0.025
1,100_0017_0009.JPG,-38.75512775,143.67075415,102.707,0.011,0.010,0.028
1,100_0017_0010.JPG,-38.75505222,143.67042155,102.617,0.008,0.008,0.022
1,100_0017_0011.JPG,-38.75498472,143.67008531,103.469,0.009,0.008,0.024
1,100_0017_0012.JPG,-38.75498268,143.67003603,103.859,0.008,0.008,0.021
1,100_0017_0013.JPG,-38.75526585,143.67013466,102.711,0.009,0.008,0.021
1,100_0017_0014.JPG,-38.75543686,143.67017870,103.104,0.009,0.009,0.023
1,100_0017_0015.JPG,-38.75551543,143.67054469,102.635,0.009,0.009,0.025
1,100_0017_0016.JPG,-38.75558894,143.67087463,102.083,0.008,0.007,0.021
1,100_0017_0017.JPG,-38.75566440,143.67120338,101.599,0.009,0.009,0.023
1,100_0017_0018.JPG,-38.75574134,143.67153306,101.752,0.010,0.009,0.027
1,100_0017_0019.JPG,-38.75581867,143.67186197,101.853,0.009,0.009,0.022
1,100_0017_0020.JPG,-38.75586166,143.67203223,101.876,0.010,0.008,0.025
1,100_0017_0021.JPG,-38.75610833,143.67218068,102.027,0.010,0.008,0.024
1,100_0017_0022.JPG,-38.75629213,143.67244797,102.273,0.010,0.009,0.027
1,100_0017_0023.JPG,-38.75640571,143.67259160,101.757,0.008,0.006,0.023
1,100_0017_0024.JPG,-38.75629949,143.67224815,101.916,0.011,0.011,0.029
1,100_0017_0025.JPG,-38.75622805,143.67191591,102.827,0.009,0.008,0.022
1,100_0017_0026.JPG,-38.75615910,143.67158187,103.336,0.010,0.009,0.024
1,100_0017_0027.JPG,-38.75608551,143.67125318,103.552,0.010,0.009,0.027
1,100_0017_0028.JPG,-38.75601660,143.67091484,103.904,0.006,0.006,0.017
1,100_0017_0029.JPG,-38.75594518,143.67058034,103.661,0.006,0.006,0.017
1,100_0017_0030.JPG,-38.75589307,143.67030840,103.863,0.006,0.006,0.016
1,100_0017_0031.JPG,-38.75617190,143.67043259,102.236,0.006,0.005,0.016
1,100_0017_0032.JPG,-38.75635209,143.67048743,102.816,0.006,0.006,0.017
1,100_0017_0033.JPG,-38.75643364,143.67085311,102.223,0.006,0.006,0.017
1,100_0017_0034.JPG,-38.75650900,143.67117799,102.108,0.006,0.006,0.016
1,100_0017_0035.JPG,-38.75658407,143.67150897,101.985,0.006,0.006,0.017
1,100_0017_0036.JPG,-38.75665892,143.67183644,101.751,0.006,0.005,0.017
1,100_0017_0037.JPG,-38.75673407,143.67216812,101.833,0.006,0.006,0.017
1,100_0017_0038.JPG,-38.75681016,143.67249961,101.868,0.007,0.006,0.017
1,100_0017_0039.JPG,-38.75688517,143.67282916,101.796,0.006,0.006,0.017
1,100_0017_0040.JPG,-38.75695943,143.67315647,101.816,0.006,0.005,0.017
1,100_0017_0041.JPG,-38.75703383,143.67349000,101.626,0.006,0.006,0.017
1,100_0017_0042.JPG,-38.75710823,143.67381482,101.205,0.006,0.006,0.017
1,100_0017_0043.JPG,-38.75718485,143.67414296,101.208,0.006,0.006,0.016
1,100_0017_0044.JPG,-38.75726180,143.67446660,101.525,0.005,0.006,0.017
1,100_0017_0045.JPG,-38.75728207,143.67453013,101.651,0.006,0.006,0.017
1,100_0017_0046.JPG,-38.75756499,143.67455763,102.165,0.007,0.006,0.017
1,100_0017_0047.JPG,-38.75769159,143.67451541,102.933,0.006,0.006,0.016
1,100_0017_0048.JPG,-38.75759159,143.67417747,102.068,0.006,0.006,0.016
1,100_0017_0049.JPG,-38.75752053,143.67384010,102.467,0.006,0.006,0.017
1,100_0017_0050.JPG,-38.75744311,143.67351441,102.586,0.006,0.006,0.017
1,100_0017_0051.JPG,-38.75737323,143.67318284,102.684,0.006,0.005,0.017
1,100_0017_0052.JPG,-38.75729785,143.67285294,102.816,0.006,0.005,0.017
1,100_0017_0053.JPG,-38.75722675,143.67251455,103.052,0.005,0.006,0.017
1,100_0017_0054.JPG,-38.75715177,143.67218324,103.140,0.006,0.006,0.017
1,100_0017_0055.JPG,-38.75707622,143.67186173,102.918,0.006,0.006,0.017
1,100_0017_0056.JPG,-38.75697812,143.67154774,102.667,0.006,0.006,0.017
1,100_0017_0057.JPG,-38.75690228,143.67121582,103.199,0.007,0.006,0.017
1,100_0017_0058.JPG,-38.75684205,143.67087563,103.401,0.006,0.006,0.017
1,100_0017_0059.JPG,-38.75683578,143.67077351,103.662,0.006,0.006,0.017
1,100_0017_0060.JPG,-38.75710469,143.67094148,102.230,0.007,0.006,0.016
1,100_0017_0061.JPG,-38.75732518,143.67106283,102.559,0.007,0.006,0.017
1,100_0017_0062.JPG,-38.75740557,143.67142927,101.774,0.006,0.005,0.017
1,100_0017_0063.JPG,-38.75747992,143.67175389,101.509,0.006,0.005,0.017
1,100_0017_0064.JPG,-38.75755646,143.67208551,101.341,0.006,0.006,0.016
1,100_0017_0065.JPG,-38.75763275,143.67241664,101.530,0.006,0.006,0.017
1,100_0017_0066.JPG,-38.75770734,143.67274363,101.684,0.007,0.006,0.017
1,100_0017_0067.JPG,-38.75778546,143.67307560,101.831,0.006,0.006,0.017
1,100_0017_0068.JPG,-38.75786020,143.67340294,101.998,0.007,0.006,0.017
1,100_0017_0069.JPG,-38.75793462,143.67373360,101.733,0.006,0.006,0.017
1,100_0017_0070.JPG,-38.75801111,143.67406215,101.666,0.006,0.006,0.017
1,100_0017_0071.JPG,-38.75808753,143.67439264,101.874,0.006,0.006,0.017
1,100_0017_0072.JPG,-38.75811975,143.67450462,101.774,0.006,0.006,0.018
1,100_0017_0073.JPG,-38.75839278,143.67442060,102.000,0.006,0.006,0.017
1,100_0017_0074.JPG,-38.75849319,143.67433548,102.992,0.006,0.006,0.017
1,100_0017_0075.JPG,-38.75839089,143.67399758,101.999,0.006,0.006,0.017
1,100_0017_0076.JPG,-38.75832403,143.67365939,102.282,0.007,0.006,0.017
1,100_0017_0077.JPG,-38.75824886,143.67333562,102.726,0.006,0.006,0.017
1,100_0017_0078.JPG,-38.75815359,143.67302247,102.814,0.006,0.005,0.017
1,100_0017_0079.JPG,-38.75808097,143.67268847,103.403,0.006,0.006,0.017
1,100_0017_0080.JPG,-38.75804611,143.67238548,103.882,0.006,0.006,0.017
1,100_0017_0081.JPG,-38.75813656,143.67274996,102.343,0.006,0.006,0.017
1,100_0017_0082.JPG,-38.75821645,143.67307525,101.557,0.007,0.005,0.017
1,100_0017_0083.JPG,-38.75829880,143.67340462,101.189,0.006,0.006,0.017
1,100_0017_0084.JPG,-38.75837783,143.67372847,101.107,0.006,0.006,0.017
1,100_0017_0085.JPG,-38.75846086,143.67405548,101.449,0.006,0.006,0.017
1,100_0017_0086.JPG,-38.75848731,143.67417936,101.306,0.006,0.006,0.017
1,100_0017_0087.JPG,-38.75820008,143.67428971,101.101,0.006,0.006,0.017
1,100_0017_0088.JPG,-38.75794286,143.67438700,101.457,0.006,0.006,0.017
1,100_0017_0089.JPG,-38.75768900,143.67448408,101.500,0.007,0.006,0.017
1,100_0017_0090.JPG,-38.75758416,143.67451901,101.573,0.007,0.006,0.017
1,100_0017_0091.JPG,-38.75732209,143.67436938,101.135,0.006,0.006,0.017
1,100_0017_0092.JPG,-38.75708999,143.67420412,102.149,0.006,0.006,0.017
1,100_0017_0093.JPG,-38.75706233,143.67418218,102.223,0.007,0.006,0.017
1,100_0017_0094.JPG,-38.75733702,143.67411606,101.840,0.006,0.006,0.017
1,100_0017_0095.JPG,-38.75759654,143.67401371,103.063,0.006,0.006,0.017
1,100_0017_0096.JPG,-38.75785220,143.67392157,103.322,0.007,0.006,0.017
1,100_0017_0097.JPG,-38.75810950,143.67384162,103.479,0.006,0.006,0.017
1,100_0017_0098.JPG,-38.75836854,143.67377020,103.348,0.007,0.005,0.017
1,100_0017_0099.JPG,-38.75848124,143.67364148,103.787,0.007,0.006,0.017
1,100_0017_0100.JPG,-38.75839177,143.67329705,102.861,0.006,0.006,0.017
1,100_0017_0101.JPG,-38.75836973,143.67314984,103.494,0.005,0.005,0.017
1,100_0017_0102.JPG,-38.75808607,143.67325534,101.845,0.006,0.005,0.017
1,100_0017_0103.JPG,-38.75783331,143.67335261,101.540,0.007,0.006,0.017
1,100_0017_0104.JPG,-38.75757610,143.67344834,101.533,0.006,0.006,0.017
1,100_0017_0105.JPG,-38.75731665,143.67354423,102.018,0.007,0.006,0.017
1,100_0017_0106.JPG,-38.75706238,143.67364265,102.242,0.006,0.006,0.017
1,100_0017_0107.JPG,-38.75698581,143.67366925,101.839,0.006,0.006,0.018
1,100_0017_0108.JPG,-38.75693356,143.67333296,101.828,0.006,0.006,0.017
1,100_0017_0109.JPG,-38.75683966,143.67318865,101.872,0.007,0.006,0.017
1,100_0017_0110.JPG,-38.75711989,143.67312373,101.835,0.006,0.005,0.017
1,100_0017_0111.JPG,-38.75737811,143.67302007,102.968,0.006,0.006,0.017
1,100_0017_0112.JPG,-38.75763506,143.67290774,103.687,0.007,0.005,0.017
1,100_0017_0113.JPG,-38.75789276,143.67280457,103.975,0.006,0.006,0.017
1,100_0017_0114.JPG,-38.75814463,143.67269766,104.157,0.006,0.006,0.017
1,100_0017_0115.JPG,-38.75817604,143.67267053,104.159,0.007,0.006,0.017
1,100_0017_0116.JPG,-38.75801666,143.67237440,101.963,0.006,0.006,0.017
1,100_0017_0117.JPG,-38.75796588,143.67222264,102.630,0.006,0.006,0.017
1,100_0017_0118.JPG,-38.75768305,143.67232774,102.586,0.006,0.006,0.017
1,100_0017_0119.JPG,-38.75742808,143.67242409,103.102,0.006,0.006,0.017
1,100_0017_0120.JPG,-38.75717247,143.67252398,102.833,0.007,0.006,0.017
1,100_0017_0121.JPG,-38.75691256,143.67262258,101.823,0.007,0.006,0.017
1,100_0017_0122.JPG,-38.75665636,143.67271993,101.716,0.006,0.005,0.017
1,100_0017_0123.JPG,-38.75653100,143.67276365,101.380,0.006,0.006,0.017
1,100_0017_0124.JPG,-38.75632187,143.67250539,101.587,0.006,0.006,0.017
1,100_0017_0125.JPG,-38.75624218,143.67233785,102.920,0.006,0.006,0.017
1,100_0017_0126.JPG,-38.75651891,143.67226235,102.387,0.007,0.005,0.017
1,100_0017_0127.JPG,-38.75677864,143.67214603,103.196,0.007,0.006,0.017
1,100_0017_0128.JPG,-38.75703649,143.67204350,103.537,0.006,0.006,0.017
1,100_0017_0129.JPG,-38.75729720,143.67194078,103.952,0.006,0.006,0.017
1,100_0017_0130.JPG,-38.75755796,143.67184208,104.016,0.006,0.006,0.017
1,100_0017_0131.JPG,-38.75774991,143.67175710,104.354,0.006,0.006,0.017
1,100_0017_0132.JPG,-38.75756393,143.67147199,102.082,0.007,0.006,0.018
1,100_0017_0133.JPG,-38.75747677,143.67133380,102.429,0.006,0.006,0.017
1,100_0017_0134.JPG,-38.75719422,143.67143982,101.217,0.006,0.006,0.017
1,100_0017_0135.JPG,-38.75693982,143.67153677,100.944,0.006,0.006,0.017
1,100_0017_0136.JPG,-38.75668332,143.67163318,100.910,0.006,0.006,0.017
1,100_0017_0137.JPG,-38.75642811,143.67172931,100.890,0.006,0.006,0.017
1,100_0017_0138.JPG,-38.75617159,143.67182585,101.315,0.007,0.006,0.017
1,100_0017_0139.JPG,-38.75591230,143.67192441,101.614,0.007,0.006,0.017
1,100_0017_0140.JPG,-38.75577221,143.67197500,101.802,0.007,0.006,0.017
1,100_0017_0141.JPG,-38.75550176,143.67184006,101.596,0.006,0.006,0.017
1,100_0017_0142.JPG,-38.75525616,143.67169327,102.121,0.007,0.006,0.017
1,100_0017_0143.JPG,-38.75519702,143.67165823,102.162,0.007,0.006,0.017
1,100_0017_0144.JPG,-38.75547655,143.67157839,102.257,0.007,0.006,0.018
1,100_0017_0145.JPG,-38.75573672,143.67146802,103.381,0.006,0.006,0.017
1,100_0017_0146.JPG,-38.75599427,143.67135806,103.854,0.006,0.006,0.017
1,100_0017_0147.JPG,-38.75625322,143.67125876,104.090,0.006,0.006,0.017
1,100_0017_0148.JPG,-38.75650425,143.67117074,103.864,0.006,0.005,0.017
1,100_0017_0149.JPG,-38.75676255,143.67108821,103.499,0.007,0.006,0.017
1,100_0017_0150.JPG,-38.75702137,143.67100210,103.662,0.006,0.006,0.017
1,100_0017_0151.JPG,-38.75710377,143.67093012,103.935,0.006,0.006,0.017
1,100_0017_0152.JPG,-38.75683512,143.67078533,102.410,0.006,0.006,0.017
1,100_0017_0153.JPG,-38.75659685,143.67063079,103.079,0.006,0.006,0.017
1,100_0017_0154.JPG,-38.75654660,143.67060803,103.128,0.006,0.006,0.017
1,100_0017_0155.JPG,-38.75626727,143.67071297,101.696,0.006,0.006,0.017
1,100_0017_0156.JPG,-38.75601192,143.67080911,101.552,0.006,0.005,0.017
1,100_0017_0157.JPG,-38.75575232,143.67090817,101.614,0.007,0.006,0.017
1,100_0017_0158.JPG,-38.75549518,143.67100493,101.689,0.007,0.006,0.017
1,100_0017_0159.JPG,-38.75523715,143.67110255,101.823,0.007,0.006,0.017
1,100_0017_0160.JPG,-38.75498149,143.67119909,101.832,0.006,0.006,0.017
1,100_0017_0161.JPG,-38.75472779,143.67129517,101.785,0.006,0.006,0.017
1,100_0017_0162.JPG,-38.75464009,143.67132480,101.450,0.006,0.006,0.017
1,100_0017_0163.JPG,-38.75464329,143.67096126,101.093,0.007,0.006,0.017
1,100_0017_0164.JPG,-38.75467643,143.67077501,101.852,0.006,0.006,0.017
1,100_0017_0165.JPG,-38.75495708,143.67070761,101.412,0.007,0.006,0.017
1,100_0017_0166.JPG,-38.75521210,143.67059308,102.425,0.007,0.006,0.017
1,100_0017_0167.JPG,-38.75546783,143.67049547,103.093,0.006,0.006,0.017
1,100_0017_0168.JPG,-38.75572172,143.67040925,103.209,0.007,0.005,0.017
1,100_0017_0169.JPG,-38.75589740,143.67030719,103.779,0.007,0.006,0.017
1,100_0017_0170.JPG,-38.75560714,143.67022102,102.161,0.006,0.006,0.017
1,100_0017_0171.JPG,-38.75534756,143.67014199,101.997,0.006,0.006,0.017
1,100_0017_0172.JPG,-38.75510807,143.67007232,102.001,0.007,0.006,0.017
1,100_0017_0173.JPG,-38.75483332,143.67017732,101.512,0.006,0.007,0.017
2,100_0018_0001.JPG,-38.75035641,143.67173341,102.010,0.015,0.022,0.066
2,100_0018_0002.JPG,-38.75033088,143.67164452,102.390,0.011,0.016,0.060
2,100_0018_0003.JPG,-38.75026495,143.67128513,104.295,0.011,0.016,0.060
2,100_0018_0004.JPG,-38.75023585,143.67093047,104.067,0.012,0.017,0.060
2,100_0018_0005.JPG,-38.75023360,143.67086610,104.417,0.015,0.021,0.065
2,100_0018_0006.JPG,-38.75046707,143.67109613,102.836,0.015,0.022,0.066
2,100_0018_0007.JPG,-38.75067947,143.67130130,103.381,0.011,0.017,0.060
2,100_0018_0008.JPG,-38.75088692,143.67150195,104.325,0.013,0.018,0.061
2,100_0018_0009.JPG,-38.75090702,143.67151740,104.264,0.012,0.017,0.060
2,100_0018_0010.JPG,-38.75118493,143.67145057,102.730,0.011,0.016,0.059
2,100_0018_0011.JPG,-38.75140740,143.67135747,104.064,0.011,0.016,0.060
2,100_0018_0012.JPG,-38.75117215,143.67113469,102.931,0.012,0.016,0.060
2,100_0018_0013.JPG,-38.75095830,143.67092846,104.015,0.014,0.019,0.062
2,100_0018_0014.JPG,-38.75074228,143.67072110,104.994,0.016,0.021,0.066
2,100_0018_0015.JPG,-38.75052779,143.67051526,105.430,0.012,0.017,0.060
2,100_0018_0016.JPG,-38.75031150,143.67030694,105.452,0.013,0.019,0.062
2,100_0018_0017.JPG,-38.75020806,143.67020262,104.925,0.016,0.021,0.065
2,100_0018_0018.JPG,-38.75048507,143.67011601,103.681,0.016,0.021,0.065
2,100_0018_0019.JPG,-38.75070199,143.67003508,104.643,0.011,0.016,0.059
2,100_0018_0020.JPG,-38.75093117,143.67026099,104.371,0.012,0.016,0.059
2,100_0018_0021.JPG,-38.75114389,143.67046715,104.757,0.013,0.019,0.062
2,100_0018_0022.JPG,-38.75135701,143.67067599,104.655,0.011,0.015,0.058
2,100_0018_0023.JPG,-38.75156792,143.67088321,104.515,0.012,0.016,0.059
2,100_0018_0024.JPG,-38.75178095,143.67109268,104.440,0.014,0.019,0.062
2,100_0018_0025.JPG,-38.75192111,143.67121663,104.991,0.011,0.016,0.058
2,100_0018_0026.JPG,-38.75219956,143.67113698,103.936,0.011,0.016,0.058
2,100_0018_0027.JPG,-38.75226991,143.67111492,104.360,0.015,0.021,0.064
2,100_0018_0028.JPG,-38.75249347,143.67113544,104.474,0.015,0.021,0.064
2,100_0018_0029.JPG,-38.75225976,143.67091336,103.254,0.015,0.021,0.064
2,100_0018_0030.JPG,-38.75204476,143.67070038,103.871,0.012,0.016,0.058
2,100_0018_0031.JPG,-38.75183083,143.67049434,104.232,0.013,0.018,0.061
2,100_0018_0032.JPG,-38.75161847,143.67028790,104.304,0.016,0.021,0.065
2,100_0018_0033.JPG,-38.75140400,143.67007870,104.217,0.011,0.016,0.058
2,100_0018_0034.JPG,-38.75120120,143.66987952,104.379,0.013,0.017,0.060
2,100_0018_0035.JPG,-38.75119448,143.66986887,104.164,0.012,0.016,0.058
2,100_0018_0036.JPG,-38.75147647,143.66984646,103.505,0.011,0.015,0.058
2,100_0018_0037.JPG,-38.75173794,143.66978447,104.135,0.012,0.016,0.058
2,100_0018_0038.JPG,-38.75176710,143.66978339,104.255,0.011,0.015,0.058
2,100_0018_0039.JPG,-38.75198455,143.67000995,102.955,0.011,0.016,0.058
2,100_0018_0040.JPG,-38.75220841,143.67021186,103.160,0.013,0.017,0.060
2,100_0018_0041.JPG,-38.75242338,143.67041865,103.959,0.015,0.021,0.064
2,100_0018_0042.JPG,-38.75263660,143.67062682,104.501,0.011,0.016,0.058
2,100_0018_0043.JPG,-38.75285361,143.67083622,104.667,0.013,0.017,0.060
2,100_0018_0044.JPG,-38.75306596,143.67104337,104.478,0.015,0.021,0.064
2,100_0018_0045.JPG,-38.75324959,143.67121398,104.608,0.011,0.015,0.057
2,100_0018_0046.JPG,-38.75352602,143.67125612,103.451,0.012,0.016,0.058
2,100_0018_0047.JPG,-38.75365039,143.67125701,103.583,0.016,0.021,0.064
2,100_0018_0048.JPG,-38.75391738,143.67128678,104.458,0.012,0.016,0.057
2,100_0018_0049.JPG,-38.75398673,143.67129077,104.347,0.014,0.019,0.061
2,100_0018_0050.JPG,-38.75375186,143.67106543,103.166,0.014,0.019,0.061
2,100_0018_0051.JPG,-38.75353947,143.67085811,103.717,0.011,0.015,0.057
2,100_0018_0052.JPG,-38.75332620,143.67065073,104.030,0.012,0.016,0.058
2,100_0018_0053.JPG,-38.75311272,143.67044024,103.952,0.014,0.019,0.061
2,100_0018_0054.JPG,-38.75289928,143.67023214,104.244,0.009,0.012,0.042
2,100_0018_0055.JPG,-38.75268791,143.67002597,104.164,0.009,0.012,0.042
2,100_0018_0056.JPG,-38.75247356,143.66982328,104.041,0.009,0.012,0.042
2,100_0018_0057.JPG,-38.75233942,143.66968964,103.391,0.009,0.012,0.042
2,100_0018_0058.JPG,-38.75262621,143.66970737,103.005,0.009,0.012,0.042
2,100_0018_0059.JPG,-38.75290157,143.66969018,104.275,0.009,0.012,0.042
2,100_0018_0060.JPG,-38.75301745,143.66969399,105.207,0.009,0.012,0.042
2,100_0018_0061.JPG,-38.75323746,143.66992540,103.308,0.009,0.012,0.042
2,100_0018_0062.JPG,-38.75345258,143.67012838,102.708,0.009,0.012,0.042
2,100_0018_0063.JPG,-38.75366522,143.67033561,102.977,0.009,0.012,0.041
2,100_0018_0064.JPG,-38.75387985,143.67054471,103.575,0.009,0.012,0.042
2,100_0018_0065.JPG,-38.75409395,143.67075104,104.140,0.009,0.012,0.041
2,100_0018_0066.JPG,-38.75430800,143.67095827,104.502,0.009,0.012,0.041
2,100_0018_0067.JPG,-38.75452275,143.67116638,104.875,0.009,0.012,0.042
2,100_0018_0068.JPG,-38.75472140,143.67135593,105.277,0.009,0.012,0.042
2,100_0018_0069.JPG,-38.75472635,143.67134296,104.833,0.009,0.012,0.042
2,100_0018_0070.JPG,-38.75478713,143.67099007,103.415,0.009,0.012,0.042
2,100_0018_0071.JPG,-38.75481781,143.67079771,103.926,0.009,0.012,0.041
2,100_0018_0072.JPG,-38.75457954,143.67059347,101.930,0.009,0.012,0.041
2,100_0018_0073.JPG,-38.75437031,143.67037204,102.726,0.009,0.012,0.041
2,100_0018_0074.JPG,-38.75415430,143.67016174,103.643,0.009,0.012,0.041
2,100_0018_0075.JPG,-38.75394276,143.66995175,104.398,0.009,0.012,0.041
2,100_0018_0076.JPG,-38.75375369,143.66976318,104.356,0.009,0.012,0.041
2,100_0018_0077.JPG,-38.75403163,143.66984360,103.510,0.009,0.012,0.041
2,100_0018_0078.JPG,-38.75430067,143.66988073,103.885,0.009,0.012,0.041
2,100_0018_0079.JPG,-38.75456460,143.66990275,104.881,0.009,0.012,0.041
2,100_0018_0080.JPG,-38.75459835,143.66993905,104.866,0.009,0.012,0.041
2,100_0018_0081.JPG,-38.75479315,143.67013081,103.995,0.009,0.012,0.041
2,100_0018_0082.JPG,-38.75491332,143.67024179,103.590,0.009,0.012,0.041
2,100_0018_0083.JPG,-38.75491304,143.67021488,103.132,0.009,0.012,0.041
2,100_0018_0084.JPG,-38.75473756,143.67052414,103.083,0.009,0.012,0.041
2,100_0018_0085.JPG,-38.75457804,143.67079369,103.433,0.009,0.012,0.041
2,100_0018_0086.JPG,-38.75441573,143.67106813,103.431,0.009,0.012,0.041
2,100_0018_0087.JPG,-38.75426450,143.67132544,103.518,0.009,0.012,0.041
2,100_0018_0088.JPG,-38.75424268,143.67132958,103.437,0.009,0.012,0.041
2,100_0018_0089.JPG,-38.75396078,143.67129107,103.118,0.009,0.012,0.041
2,100_0018_0090.JPG,-38.75379572,143.67126728,103.118,0.009,0.012,0.041
2,100_0018_0091.JPG,-38.75396224,143.67098201,102.896,0.009,0.012,0.041
2,100_0018_0092.JPG,-38.75411700,143.67070236,103.407,0.009,0.012,0.041
2,100_0018_0093.JPG,-38.75428483,143.67042551,104.252,0.009,0.012,0.041
2,100_0018_0094.JPG,-38.75444422,143.67016170,103.626,0.009,0.012,0.040
2,100_0018_0095.JPG,-38.75458751,143.66990941,103.853,0.009,0.012,0.041
2,100_0018_0096.JPG,-38.75429596,143.66985876,102.625,0.009,0.012,0.041
2,100_0018_0097.JPG,-38.75413398,143.66983569,102.805,0.009,0.012,0.040
2,100_0018_0098.JPG,-38.75395303,143.67013453,102.804,0.009,0.012,0.040
2,100_0018_0099.JPG,-38.75379455,143.67040645,102.844,0.009,0.012,0.041
2,100_0018_0100.JPG,-38.75363362,143.67068022,103.331,0.009,0.012,0.040
2,100_0018_0101.JPG,-38.75347209,143.67095226,103.504,0.009,0.012,0.040
2,100_0018_0102.JPG,-38.75332072,143.67121115,103.530,0.009,0.012,0.040
2,100_0018_0103.JPG,-38.75329794,143.67121574,103.326,0.009,0.012,0.040
2,100_0018_0104.JPG,-38.75302117,143.67119140,102.131,0.009,0.012,0.040
2,100_0018_0105.JPG,-38.75284262,143.67116769,101.926,0.009,0.012,0.040
2,100_0018_0106.JPG,-38.75300981,143.67087538,102.297,0.009,0.012,0.040
2,100_0018_0107.JPG,-38.75317597,143.67059603,103.257,0.009,0.012,0.040
2,100_0018_0108.JPG,-38.75333694,143.67032499,103.280,0.009,0.012,0.040
2,100_0018_0109.JPG,-38.75350086,143.67005849,103.358,0.009,0.012,0.040
2,100_0018_0110.JPG,-38.75366335,143.66978464,104.089,0.009,0.012,0.040
2,100_0018_0111.JPG,-38.75367297,143.66974828,104.355,0.009,0.012,0.040
2,100_0018_0112.JPG,-38.75337734,143.66972036,102.607,0.009,0.012,0.040
2,100_0018_0113.JPG,-38.75319601,143.66971209,102.373,0.009,0.012,0.040
2,100_0018_0114.JPG,-38.75301980,143.67000874,102.924,0.009,0.012,0.040
2,100_0018_0115.JPG,-38.75285844,143.67028277,103.250,0.009,0.011,0.040
2,100_0018_0116.JPG,-38.75269775,143.67055706,103.331,0.009,0.011,0.040
2,100_0018_0117.JPG,-38.75253571,143.67083022,103.215,0.009,0.011,0.040
2,100_0018_0118.JPG,-38.75238008,143.67110186,102.600,0.009,0.011,0.040
2,100_0018_0119.JPG,-38.75235549,143.67113370,102.302,0.009,0.012,0.040
2,100_0018_0120.JPG,-38.75223407,143.67111787,102.146,0.009,0.011,0.040
2,100_0018_0121.JPG,-38.75196115,143.67120579,102.228,0.009,0.012,0.040
2,100_0018_0122.JPG,-38.75178370,143.67125375,102.205,0.009,0.011,0.040
2,100_0018_0123.JPG,-38.75194853,143.67096805,102.455,0.009,0.011,0.039
2,100_0018_0124.JPG,-38.75210755,143.67069366,103.631,0.009,0.011,0.040
2,100_0018_0125.JPG,-38.75225280,143.67042333,103.469,0.009,0.011,0.039
2,100_0018_0126.JPG,-38.75242465,143.67013591,103.305,0.009,0.011,0.039
2,100_0018_0127.JPG,-38.75259694,143.66986181,103.109,0.009,0.011,0.039
2,100_0018_0128.JPG,-38.75271240,143.66966352,103.711,0.009,0.011,0.039
2,100_0018_0129.JPG,-38.75241443,143.66968923,102.178,0.009,0.011,0.039
2,100_0018_0130.JPG,-38.75218361,143.66971500,102.371,0.009,0.012,0.040
2,100_0018_0131.JPG,-38.75201008,143.67001049,102.836,0.009,0.011,0.040
2,100_0018_0132.JPG,-38.75184898,143.67028396,103.250,0.009,0.011,0.039
2,100_0018_0133.JPG,-38.75168709,143.67055725,103.411,0.009,0.011,0.039
2,100_0018_0134.JPG,-38.75152616,143.67083118,103.418,0.009,0.011,0.039
2,100_0018_0135.JPG,-38.75136430,143.67110390,103.272,0.009,0.011,0.039
2,100_0018_0136.JPG,-38.75120323,143.67137628,103.344,0.009,0.011,0.039
2,100_0018_0137.JPG,-38.75115785,143.67144794,103.224,0.009,0.011,0.039
2,100_0018_0138.JPG,-38.75087688,143.67152611,102.111,0.009,0.011,0.039
2,100_0018_0139.JPG,-38.75061932,143.67160189,102.114,0.009,0.012,0.040
2,100_0018_0140.JPG,-38.75055463,143.67162214,101.920,0.009,0.011,0.039
2,100_0018_0141.JPG,-38.75073004,143.67133933,103.387,0.009,0.011,0.039
2,100_0018_0142.JPG,-38.75089441,143.67104457,103.461,0.009,0.012,0.039
2,100_0018_0143.JPG,-38.75105614,143.67076810,103.090,0.009,0.011,0.039
2,100_0018_0144.JPG,-38.75121822,143.67050296,103.170,0.009,0.011,0.039
2,100_0018_0145.JPG,-38.75137624,143.67022098,103.376,0.009,0.011,0.039
2,100_0018_0146.JPG,-38.75154282,143.66994575,104.129,0.009,0.011,0.039
2,100_0018_0147.JPG,-38.75162761,143.66978610,104.549,0.009,0.011,0.039
2,100_0018_0148.JPG,-38.75133387,143.66985051,102.256,0.009,0.011,0.039
2,100_0018_0149.JPG,-38.75107980,143.66990201,101.877,0.009,0.011,0.039
2,100_0018_0150.JPG,-38.75105470,143.66991492,101.820,0.009,0.011,0.039
2,100_0018_0151.JPG,-38.75088106,143.67021203,102.231,0.009,0.011,0.039
2,100_0018_0152.JPG,-38.75072122,143.67048105,102.647,0.009,0.011,0.039
2,100_0018_0153.JPG,-38.75055837,143.67075810,102.825,0.009,0.011,0.038
2,100_0018_0154.JPG,-38.75039575,143.67103093,102.918,0.009,0.011,0.039
2,100_0018_0155.JPG,-38.75027519,143.67122949,102.841,0.009,0.011,0.039
2,100_0018_0156.JPG,-38.75020918,143.67086343,102.195,0.009,0.011,0.039
2,100_0018_0157.JPG,-38.75016838,143.67055231,103.756,0.009,0.011,0.039
2,100_0018_0158.JPG,-38.75032202,143.67027840,101.716,0.009,0.011,0.039
3,100_0019_0001.JPG,-38.74507050,143.67307038,102.851,0.012,0.013,0.029
3,100_0019_0002.JPG,-38.74519222,143.67274885,102.961,0.014,0.016,0.033
3,100_0019_0003.JPG,-38.74523585,143.67261153,103.598,0.012,0.013,0.030
3,100_0019_0004.JPG,-38.74548371,143.67248676,102.841,0.012,0.013,0.029
3,100_0019_0005.JPG,-38.74565909,143.67236092,103.572,0.012,0.014,0.030
3,100_0019_0006.JPG,-38.74582971,143.67219990,104.237,0.012,0.014,0.030
3,100_0019_0007.JPG,-38.74570189,143.67253993,103.345,0.012,0.014,0.030
3,100_0019_0008.JPG,-38.74558690,143.67284688,103.103,0.013,0.016,0.033
3,100_0019_0009.JPG,-38.74547175,143.67315458,103.101,0.011,0.013,0.029
3,100_0019_0010.JPG,-38.74535593,143.67346743,103.139,0.012,0.014,0.030
3,100_0019_0011.JPG,-38.74533187,143.67354806,102.931,0.015,0.017,0.035
3,100_0019_0012.JPG,-38.74560745,143.67366572,102.272,0.015,0.017,0.035
3,100_0019_0013.JPG,-38.74572594,143.67367094,103.262,0.012,0.013,0.030
3,100_0019_0014.JPG,-38.74584551,143.67334465,102.289,0.011,0.013,0.029
3,100_0019_0015.JPG,-38.74596491,143.67303525,102.745,0.013,0.015,0.031
3,100_0019_0016.JPG,-38.74608038,143.67274348,102.602,0.014,0.016,0.033
3,100_0019_0017.JPG,-38.74619109,143.67243053,103.133,0.013,0.015,0.031
3,100_0019_0018.JPG,-38.74630600,143.67210791,103.083,0.014,0.016,0.033
3,100_0019_0019.JPG,-38.74642497,143.67179982,103.213,0.015,0.018,0.036
3,100_0019_0020.JPG,-38.74645269,143.67173936,103.399,0.014,0.015,0.032
3,100_0019_0021.JPG,-38.74670307,143.67158231,103.354,0.015,0.017,0.034
3,100_0019_0022.JPG,-38.74693789,143.67139971,104.316,0.012,0.013,0.029
3,100_0019_0023.JPG,-38.74704961,143.67131566,105.290,0.013,0.014,0.031
3,100_0019_0024.JPG,-38.74691865,143.67166300,103.549,0.012,0.014,0.030
3,100_0019_0025.JPG,-38.74680405,143.67197251,103.327,0.014,0.016,0.033
3,100_0019_0026.JPG,-38.74668837,143.67228455,103.274,0.011,0.013,0.029
3,100_0019_0027.JPG,-38.74657328,143.67259365,103.275,0.012,0.014,0.030
3,100_0019_0028.JPG,-38.74645732,143.67290411,103.263,0.014,0.016,0.033
3,100_0019_0029.JPG,-38.74634569,143.67320285,103.318,0.011,0.013,0.029
3,100_0019_0030.JPG,-38.74633721,143.67323013,103.151,0.014,0.016,0.033
3,100_0019_0031.JPG,-38.74660144,143.67309178,103.064,0.012,0.014,0.030
3,100_0019_0032.JPG,-38.74682728,143.67290632,104.024,0.013,0.014,0.031
3,100_0019_0033.JPG,-38.74688631,143.67286502,104.286,0.012,0.013,0.029
3,100_0019_0034.JPG,-38.74695376,143.67279194,104.479,0.015,0.017,0.034
3,100_0019_0035.JPG,-38.74707279,143.67245875,103.244,0.015,0.018,0.035
3,100_0019_0036.JPG,-38.74719162,143.67214472,102.764,0.012,0.014,0.029
3,100_0019_0037.JPG,-38.74730573,143.67183282,103.317,0.013,0.015,0.032
3,100_0019_0038.JPG,-38.74741764,143.67151798,103.800,0.015,0.018,0.035
3,100_0019_0039.JPG,-38.74753330,143.67120586,104.243,0.012,0.014,0.029
3,100_0019_0040.JPG,-38.74761338,143.67101049,103.991,0.014,0.015,0.032
3,100_0019_0041.JPG,-38.74788149,143.67094055,102.464,0.009,0.010,0.022
3,100_0019_0042.JPG,-38.74812237,143.67080617,103.027,0.009,0.010,0.022
3,100_0019_0043.JPG,-38.74812208,143.67081734,103.132,0.009,0.010,0.022
3,100_0019_0044.JPG,-38.74799684,143.67115209,102.545,0.009,0.010,0.022
3,100_0019_0045.JPG,-38.74788355,143.67145911,102.214,0.009,0.010,0.022
3,100_0019_0046.JPG,-38.74776740,143.67177244,102.250,0.009,0.010,0.022
3,100_0019_0047.JPG,-38.74765099,143.67208715,102.213,0.009,0.010,0.022
3,100_0019_0048.JPG,-38.74754357,143.67236992,102.303,0.009,0.010,0.022
3,100_0019_0049.JPG,-38.74754969,143.67237009,102.065,0.009,0.010,0.021
3,100_0019_0050.JPG,-38.74780541,143.67221093,101.760,0.009,0.010,0.021
3,100_0019_0051.JPG,-38.74789295,143.67214656,102.208,0.009,0.010,0.022
3,100_0019_0052.JPG,-38.74810569,143.67207943,102.749,0.009,0.010,0.021
3,100_0019_0053.JPG,-38.74822495,143.67175903,102.304,0.009,0.010,0.021
3,100_0019_0054.JPG,-38.74833610,143.67144653,102.603,0.009,0.010,0.021
3,100_0019_0055.JPG,-38.74844758,143.67113807,102.710,0.009,0.010,0.021
3,100_0019_0056.JPG,-38.74856579,143.67083262,103.087,0.009,0.010,0.022
3,100_0019_0057.JPG,-38.74862976,143.67066913,103.734,0.009,0.010,0.021
3,100_0019_0058.JPG,-38.74890778,143.67063917,102.952,0.009,0.010,0.022
3,100_0019_0059.JPG,-38.74911664,143.67055178,103.986,0.009,0.010,0.021
3,100_0019_0060.JPG,-38.74899098,143.67088898,103.218,0.009,0.010,0.021
3,100_0019_0061.JPG,-38.74887573,143.67119862,103.167,0.009,0.010,0.021
3,100_0019_0062.JPG,-38.74875945,143.67151028,103.114,0.009,0.010,0.022
3,100_0019_0063.JPG,-38.74864373,143.67181789,103.186,0.009,0.010,0.021
3,100_0019_0064.JPG,-38.74860341,143.67193743,102.958,0.009,0.010,0.021
3,100_0019_0065.JPG,-38.74888714,143.67188518,102.639,0.009,0.010,0.021
3,100_0019_0066.JPG,-38.74910717,143.67178705,104.131,0.009,0.010,0.021
3,100_0019_0067.JPG,-38.74921589,143.67146598,102.418,0.009,0.010,0.021
3,100_0019_0068.JPG,-38.74933873,143.67116050,102.655,0.009,0.010,0.021
3,100_0019_0069.JPG,-38.74945527,143.67085398,103.211,0.009,0.010,0.022
3,100_0019_0070.JPG,-38.74957312,143.67055335,103.193,0.009,0.010,0.022
3,100_0019_0071.JPG,-38.74962568,143.67040726,103.599,0.009,0.010,0.021
3,100_0019_0072.JPG,-38.74990878,143.67032882,103.221,0.009,0.010,0.021
3,100_0019_0073.JPG,-38.75010770,143.67027516,103.586,0.009,0.010,0.021
3,100_0019_0074.JPG,-38.74998153,143.67061811,102.397,0.009,0.010,0.021
3,100_0019_0075.JPG,-38.74986738,143.67092901,101.972,0.009,0.010,0.022
3,100_0019_0076.JPG,-38.74975066,143.67124145,102.222,0.009,0.010,0.021
3,100_0019_0077.JPG,-38.74963483,143.67155096,102.442,0.009,0.010,0.021
3,100_0019_0078.JPG,-38.74960422,143.67164772,102.511,0.009,0.010,0.021
3,100_0019_0079.JPG,-38.74988565,143.67158338,102.133,0.009,0.010,0.022
3,100_0019_0080.JPG,-38.75010519,143.67149677,103.716,0.009,0.010,0.021
3,100_0019_0081.JPG,-38.75022386,143.67117713,102.093,0.009,0.010,0.021
3,100_0019_0082.JPG,-38.75028820,143.67098600,102.310,0.009,0.010,0.021
3,100_0019_0083.JPG,-38.75022290,143.67065146,100.354,0.009,0.010,0.021
3,100_0019_0084.JPG,-38.75021603,143.67056567,101.218,0.009,0.010,0.021
3,100_0019_0085.JPG,-38.74995355,143.67042442,101.890,0.009,0.010,0.021
3,100_0019_0086.JPG,-38.74984315,143.67034411,102.693,0.009,0.010,0.021
3,100_0019_0087.JPG,-38.74956224,143.67042319,102.690,0.009,0.010,0.021
3,100_0019_0088.JPG,-38.74930188,143.67049400,101.958,0.009,0.010,0.021
3,100_0019_0089.JPG,-38.74920934,143.67052456,101.326,0.009,0.010,0.021
3,100_0019_0090.JPG,-38.74945286,143.67071950,101.184,0.009,0.010,0.021
3,100_0019_0091.JPG,-38.74970502,143.67084515,102.813,0.009,0.010,0.021
3,100_0019_0092.JPG,-38.74995643,143.67098195,103.815,0.009,0.010,0.021
3,100_0019_0093.JPG,-38.75019037,143.67113531,103.828,0.009,0.010,0.021
3,100_0019_0094.JPG,-38.75030161,143.67119996,103.638,0.009,0.010,0.021
3,100_0019_0095.JPG,-38.75007250,143.67143079,103.022,0.009,0.010,0.021
3,100_0019_0096.JPG,-38.74994352,143.67155415,102.589,0.009,0.010,0.021
3,100_0019_0097.JPG,-38.74968190,143.67140154,101.636,0.009,0.010,0.021
3,100_0019_0098.JPG,-38.74944377,143.67123709,102.277,0.009,0.010,0.021
3,100_0019_0099.JPG,-38.74920216,143.67108921,103.058,0.009,0.010,0.021
3,100_0019_0100.JPG,-38.74895849,143.67094331,103.032,0.009,0.010,0.021
3,100_0019_0101.JPG,-38.74871858,143.67079426,102.995,0.009,0.010,0.021
3,100_0019_0102.JPG,-38.74854814,143.67069068,103.661,0.009,0.010,0.021
3,100_0019_0103.JPG,-38.74826519,143.67076976,102.806,0.009,0.010,0.021
3,100_0019_0104.JPG,-38.74800696,143.67083980,102.527,0.009,0.010,0.021
3,100_0019_0105.JPG,-38.74791610,143.67087163,102.240,0.009,0.010,0.021
3,100_0019_0106.JPG,-38.74816988,143.67104769,102.133,0.009,0.010,0.021
3,100_0019_0107.JPG,-38.74842116,143.67118293,103.239,0.009,0.010,0.021
3,100_0019_0108.JPG,-38.74866509,143.67133242,104.040,0.009,0.010,0.021
3,100_0019_0109.JPG,-38.74890657,143.67148005,103.866,0.009,0.010,0.021
3,100_0019_0110.JPG,-38.74914343,143.67162925,103.188,0.009,0.010,0.021
3,100_0019_0111.JPG,-38.74931066,143.67173306,102.938,0.009,0.010,0.021
3,100_0019_0112.JPG,-38.74902337,143.67182115,102.452,0.009,0.010,0.021
3,100_0019_0113.JPG,-38.74876849,143.67189710,102.529,0.009,0.010,0.021
3,100_0019_0114.JPG,-38.74868041,143.67191626,102.362,0.009,0.010,0.021
3,100_0019_0115.JPG,-38.74841795,143.67175961,102.138,0.009,0.010,0.021
3,100_0019_0116.JPG,-38.74817876,143.67160565,102.755,0.009,0.010,0.021
3,100_0019_0117.JPG,-38.74793686,143.67145798,103.210,0.009,0.010,0.021
3,100_0019_0118.JPG,-38.74769393,143.67130946,103.616,0.009,0.010,0.021
3,100_0019_0119.JPG,-38.74745598,143.67116083,103.900,0.009,0.010,0.021
3,100_0019_0120.JPG,-38.74739272,143.67112521,103.900,0.009,0.010,0.021
3,100_0019_0121.JPG,-38.74712752,143.67128481,102.951,0.009,0.010,0.021
3,100_0019_0122.JPG,-38.74693149,143.67140954,102.066,0.009,0.010,0.021
3,100_0019_0123.JPG,-38.74719137,143.67157734,102.106,0.009,0.010,0.021
3,100_0019_0124.JPG,-38.74743573,143.67172125,102.847,0.009,0.010,0.021
3,100_0019_0125.JPG,-38.74767690,143.67187206,102.927,0.009,0.010,0.021
3,100_0019_0126.JPG,-38.74791692,143.67201829,103.027,0.009,0.010,0.021
3,100_0019_0127.JPG,-38.74804863,143.67210148,103.106,0.009,0.010,0.021
3,100_0019_0128.JPG,-38.74785897,143.67216173,102.339,0.009,0.010,0.021
3,100_0019_0129.JPG,-38.74761987,143.67233345,102.042,0.009,0.010,0.021
3,100_0019_0130.JPG,-38.74755565,143.67237280,101.809,0.009,0.010,0.021
3,100_0019_0131.JPG,-38.74728993,143.67220791,101.680,0.009,0.010,0.021
3,100_0019_0132.JPG,-38.74704933,143.67205820,102.545,0.009,0.010,0.021
3,100_0019_0133.JPG,-38.74680858,143.67190942,103.120,0.009,0.010,0.021
3,100_0019_0134.JPG,-38.74657006,143.67176117,103.314,0.009,0.010,0.021
3,100_0019_0135.JPG,-38.74648744,143.67171742,103.205,0.009,0.010,0.021
3,100_0019_0136.JPG,-38.74623185,143.67190126,102.598,0.009,0.010,0.021
3,100_0019_0137.JPG,-38.74606968,143.67202597,102.717,0.009,0.010,0.021
3,100_0019_0138.JPG,-38.74633227,143.67219292,101.904,0.009,0.010,0.021
3,100_0019_0139.JPG,-38.74657603,143.67233771,102.231,0.009,0.010,0.021
3,100_0019_0140.JPG,-38.74681551,143.67248662,102.542,0.009,0.010,0.020
3,100_0019_0141.JPG,-38.74705942,143.67263232,103.206,0.009,0.010,0.021
3,100_0019_0142.JPG,-38.74711716,143.67267471,103.447,0.009,0.010,0.021
3,100_0019_0143.JPG,-38.74686477,143.67285122,102.283,0.009,0.010,0.021
3,100_0019_0144.JPG,-38.74680134,143.67289785,102.083,0.009,0.010,0.021
3,100_0019_0145.JPG,-38.74668395,143.67297595,101.742,0.009,0.010,0.020
3,100_0019_0146.JPG,-38.74642032,143.67281240,101.902,0.009,0.010,0.020
3,100_0019_0147.JPG,-38.74617704,143.67266073,102.636,0.009,0.010,0.021
3,100_0019_0148.JPG,-38.74593660,143.67251430,102.646,0.009,0.010,0.021
3,100_0019_0149.JPG,-38.74569680,143.67236590,102.765,0.009,0.010,0.020
3,100_0019_0150.JPG,-38.74562732,143.67232826,102.874,0.009,0.010,0.021
3,100_0019_0151.JPG,-38.74537123,143.67251331,102.238,0.009,0.010,0.021
3,100_0019_0152.JPG,-38.74520654,143.67263697,102.122,0.009,0.010,0.020
3,100_0019_0153.JPG,-38.74547257,143.67280496,102.172,0.009,0.010,0.020
3,100_0019_0154.JPG,-38.74571250,143.67295261,102.541,0.009,0.010,0.020
3,100_0019_0155.JPG,-38.74595223,143.67309774,102.490,0.009,0.010,0.021
3,100_0019_0156.JPG,-38.74619501,143.67324512,102.813,0.009,0.010,0.020
3,100_0019_0157.JPG,-38.74625423,143.67329038,102.750,0.009,0.010,0.021
3,100_0019_0158.JPG,-38.74599894,143.67347729,102.188,0.009,0.010,0.021
3,100_0019_0159.JPG,-38.74582881,143.67359397,102.210,0.009,0.010,0.021
3,100_0019_0160.JPG,-38.74556492,143.67343220,101.693,0.009,0.010,0.020
3,100_0019_0161.JPG,-38.74532380,143.67328435,101.880,0.009,0.010,0.020
4,100_0020_0001.JPG,-38.74031034,143.67748067,103.057,0.020,0.021,0.032
4,100_0020_0002.JPG,-38.74034798,143.67710270,102.606,0.025,0.026,0.038
4,100_0020_0003.JPG,-38.74041170,143.67676726,103.122,0.028,0.029,0.042
4,100_0020_0004.JPG,-38.74043929,143.67670195,103.394,0.024,0.025,0.036
4,100_0020_0005.JPG,-38.74066303,143.67651106,103.152,0.021,0.022,0.033
4,100_0020_0006.JPG,-38.74087820,143.67630792,103.238,0.021,0.022,0.033
4,100_0020_0007.JPG,-38.74107519,143.67612298,103.436,0.020,0.021,0.032
4,100_0020_0008.JPG,-38.74101475,143.67649885,102.339,0.021,0.022,0.033
4,100_0020_0009.JPG,-38.74096263,143.67683184,102.201,0.018,0.021,0.031
4,100_0020_0010.JPG,-38.74091039,143.67717183,102.202,0.015,0.016,0.025
4,100_0020_0011.JPG,-38.74085863,143.67750607,102.027,0.017,0.019,0.029
4,100_0020_0012.JPG,-38.74080693,143.67784716,102.183,0.015,0.016,0.024
4,100_0020_0013.JPG,-38.74075990,143.67815778,102.587,0.015,0.017,0.026
4,100_0020_0014.JPG,-38.74076265,143.67816616,102.515,0.015,0.016,0.025
4,100_0020_0015.JPG,-38.74100309,143.67795716,102.145,0.014,0.016,0.024
4,100_0020_0016.JPG,-38.74122198,143.67775102,102.783,0.016,0.018,0.027
4,100_0020_0017.JPG,-38.74140485,143.67756760,103.384,0.017,0.019,0.029
4,100_0020_0018.JPG,-38.74143876,143.67721971,103.052,0.018,0.020,0.030
4,100_0020_0019.JPG,-38.74149473,143.67687940,102.992,0.015,0.016,0.024
4,100_0020_0020.JPG,-38.74155505,143.67653495,103.331,0.016,0.018,0.027
4,100_0020_0021.JPG,-38.74160693,143.67619442,103.464,0.018,0.021,0.032
4,100_0020_0022.JPG,-38.74165221,143.67586271,103.521,0.015,0.017,0.025
4,100_0020_0023.JPG,-38.74170816,143.67553227,103.250,0.016,0.018,0.028
4,100_0020_0024.JPG,-38.74172254,143.67550283,103.473,0.015,0.017,0.026
4,100_0020_0025.JPG,-38.74194670,143.67530633,103.148,0.016,0.018,0.028
4,100_0020_0026.JPG,-38.74216183,143.67510494,103.041,0.018,0.021,0.032
4,100_0020_0027.JPG,-38.74234595,143.67493115,103.967,0.014,0.016,0.024
4,100_0020_0028.JPG,-38.74228818,143.67530793,102.991,0.015,0.016,0.025
4,100_0020_0029.JPG,-38.74223708,143.67564262,102.647,0.016,0.018,0.027
4,100_0020_0030.JPG,-38.74218507,143.67597818,102.576,0.018,0.021,0.032
4,100_0020_0031.JPG,-38.74213357,143.67631773,102.436,0.015,0.017,0.026
4,100_0020_0032.JPG,-38.74208228,143.67665485,102.562,0.017,0.020,0.030
4,100_0020_0033.JPG,-38.74204509,143.67692492,102.584,0.018,0.021,0.031
4,100_0020_0034.JPG,-38.74227909,143.67673433,102.178,0.016,0.018,0.027
4,100_0020_0035.JPG,-38.74248836,143.67651254,103.110,0.017,0.019,0.029
4,100_0020_0036.JPG,-38.74261611,143.67637678,103.474,0.015,0.016,0.025
4,100_0020_0037.JPG,-38.74268971,143.67629633,103.779,0.017,0.019,0.029
4,100_0020_0038.JPG,-38.74271563,143.67594983,102.455,0.017,0.019,0.028
4,100_0020_0039.JPG,-38.74277541,143.67560685,102.475,0.018,0.020,0.030
4,100_0020_0040.JPG,-38.74282796,143.67526646,102.690,0.014,0.016,0.024
4,100_0020_0041.JPG,-38.74287593,143.67492685,103.120,0.015,0.016,0.025
4,100_0020_0042.JPG,-38.74293064,143.67459356,103.310,0.017,0.019,0.028
4,100_0020_0043.JPG,-38.74299107,143.67429336,103.419,0.018,0.020,0.030
4,100_0020_0044.JPG,-38.74322559,143.67411515,103.173,0.017,0.018,0.028
4,100_0020_0045.JPG,-38.74344680,143.67390791,103.832,0.018,0.020,0.030
4,100_0020_0046.JPG,-38.74362292,143.67373447,104.165,0.018,0.020,0.031
4,100_0020_0047.JPG,-38.74356470,143.67411080,102.700,0.019,0.021,0.032
4,100_0020_0048.JPG,-38.74351501,143.67444713,102.925,0.015,0.016,0.025
4,100_0020_0049.JPG,-38.74346208,143.67478601,102.685,0.017,0.019,0.029
4,100_0020_0050.JPG,-38.74341043,143.67512242,102.267,0.015,0.016,0.024
4,100_0020_0051.JPG,-38.74335946,143.67545895,102.180,0.016,0.018,0.027
4,100_0020_0052.JPG,-38.74330802,143.67578186,102.029,0.018,0.020,0.031
4,100_0020_0053.JPG,-38.74330605,143.67581686,101.807,0.016,0.018,0.027
4,100_0020_0054.JPG,-38.74355937,143.67567016,101.951,0.014,0.016,0.024
4,100_0020_0055.JPG,-38.74378641,143.67546470,103.041,0.015,0.016,0.024
4,100_0020_0056.JPG,-38.74392908,143.67533109,103.412,0.016,0.017,0.026
4,100_0020_0057.JPG,-38.74397163,143.67496768,103.112,0.015,0.017,0.025
4,100_0020_0058.JPG,-38.74402882,143.67463076,102.825,0.017,0.019,0.029
4,100_0020_0059.JPG,-38.74408211,143.67429480,102.765,0.015,0.016,0.024
4,100_0020_0060.JPG,-38.74413511,143.67395067,102.785,0.016,0.017,0.026
4,100_0020_0061.JPG,-38.74418937,143.67360874,103.459,0.018,0.020,0.031
4,100_0020_0062.JPG,-38.74424079,143.67328648,103.773,0.015,0.016,0.024
4,100_0020_0063.JPG,-38.74425883,143.67326579,103.887,0.019,0.021,0.032
4,100_0020_0064.JPG,-38.74449359,143.67310492,103.246,0.015,0.016,0.024
4,100_0020_0065.JPG,-38.74472942,143.67293098,103.040,0.016,0.018,0.026
4,100_0020_0066.JPG,-38.74485584,143.67284203,103.455,0.018,0.020,0.030
4,100_0020_0067.JPG,-38.74479715,143.67322085,102.240,0.018,0.020,0.031
4,100_0020_0068.JPG,-38.74474595,143.67355425,102.338,0.015,0.016,0.025
4,100_0020_0069.JPG,-38.74469284,143.67389536,102.438,0.017,0.018,0.028
4,100_0020_0070.JPG,-38.74464117,143.67423463,102.264,0.015,0.016,0.024
4,100_0020_0071.JPG,-38.74458973,143.67457137,102.179,0.016,0.017,0.026
4,100_0020_0072.JPG,-38.74454929,143.67484751,102.032,0.017,0.018,0.027
4,100_0020_0073.JPG,-38.74480296,143.67470152,102.666,0.019,0.021,0.032
4,100_0020_0074.JPG,-38.74503582,143.67448772,103.167,0.015,0.016,0.024
4,100_0020_0075.JPG,-38.74517524,143.67435268,103.691,0.016,0.017,0.026
4,100_0020_0076.JPG,-38.74521605,143.67399632,103.423,0.017,0.018,0.027
4,100_0020_0077.JPG,-38.74527465,143.67365518,103.121,0.018,0.021,0.031
4,100_0020_0078.JPG,-38.74529433,143.67352928,103.268,0.016,0.017,0.026
4,100_0020_0079.JPG,-38.74517909,143.67319732,103.095,0.017,0.019,0.028
4,100_0020_0080.JPG,-38.74514009,143.67309158,103.499,0.015,0.016,0.024
4,100_0020_0081.JPG,-38.74484795,143.67302269,102.315,0.015,0.017,0.025
4,100_0020_0082.JPG,-38.74465095,143.67298160,101.929,0.011,0.012,0.018
4,100_0020_0083.JPG,-38.74439561,143.67316591,101.879,0.011,0.012,0.019
4,100_0020_0084.JPG,-38.74416574,143.67333593,101.819,0.011,0.012,0.018
4,100_0020_0085.JPG,-38.74394945,143.67349398,101.782,0.011,0.012,0.018
4,100_0020_0086.JPG,-38.74394681,143.67350104,101.717,0.011,0.012,0.018
4,100_0020_0087.JPG,-38.74421903,143.67361656,101.827,0.011,0.012,0.019
4,100_0020_0088.JPG,-38.74448820,143.67366405,103.032,0.011,0.012,0.018
4,100_0020_0089.JPG,-38.74476145,143.67371233,104.050,0.011,0.012,0.019
4,100_0020_0090.JPG,-38.74502930,143.67377267,104.530,0.011,0.012,0.018
4,100_0020_0091.JPG,-38.74529031,143.67384033,104.738,0.011,0.012,0.018
4,100_0020_0092.JPG,-38.74539588,143.67386979,104.430,0.012,0.013,0.019
4,100_0020_0093.JPG,-38.74521134,143.67417266,103.335,0.011,0.012,0.019
4,100_0020_0094.JPG,-38.74505269,143.67443185,103.105,0.011,0.012,0.018
4,100_0020_0095.JPG,-38.74501997,143.67447270,102.905,0.011,0.012,0.019
4,100_0020_0096.JPG,-38.74472927,143.67440317,102.026,0.011,0.012,0.018
4,100_0020_0097.JPG,-38.74446873,143.67433320,102.560,0.011,0.012,0.018
4,100_0020_0098.JPG,-38.74420478,143.67426698,103.068,0.011,0.012,0.019
4,100_0020_0099.JPG,-38.74394281,143.67420130,103.366,0.011,0.012,0.018
4,100_0020_0100.JPG,-38.74367850,143.67413687,103.205,0.011,0.012,0.019
4,100_0020_0101.JPG,-38.74341541,143.67406932,103.334,0.011,0.012,0.018
4,100_0020_0102.JPG,-38.74326118,143.67403540,103.378,0.011,0.012,0.018
4,100_0020_0103.JPG,-38.74302721,143.67426502,102.920,0.012,0.012,0.019
4,100_0020_0104.JPG,-38.74281543,143.67447058,102.889,0.012,0.012,0.018
4,100_0020_0105.JPG,-38.74270149,143.67458977,102.640,0.011,0.012,0.018
4,100_0020_0106.JPG,-38.74296763,143.67472636,102.656,0.011,0.012,0.018
4,100_0020_0107.JPG,-38.74323078,143.67478709,103.739,0.011,0.012,0.018
4,100_0020_0108.JPG,-38.74349926,143.67482981,104.437,0.011,0.013,0.019
4,100_0020_0109.JPG,-38.74377083,143.67488265,104.669,0.011,0.012,0.018
4,100_0020_0110.JPG,-38.74403389,143.67493914,104.762,0.011,0.012,0.018
4,100_0020_0111.JPG,-38.74429590,143.67499526,104.883,0.012,0.013,0.019
4,100_0020_0112.JPG,-38.74434047,143.67500678,105.054,0.011,0.012,0.018
4,100_0020_0113.JPG,-38.74408421,143.67520993,103.855,0.011,0.012,0.018
4,100_0020_0114.JPG,-38.74385657,143.67538845,103.263,0.012,0.013,0.019
4,100_0020_0115.JPG,-38.74365923,143.67553478,102.917,0.011,0.012,0.018
4,100_0020_0116.JPG,-38.74337163,143.67546368,102.434,0.011,0.012,0.018
4,100_0020_0117.JPG,-38.74310885,143.67539615,102.876,0.012,0.012,0.018
4,100_0020_0118.JPG,-38.74284546,143.67533145,103.100,0.011,0.012,0.018
4,100_0020_0119.JPG,-38.74258351,143.67526520,102.957,0.011,0.012,0.018
4,100_0020_0120.JPG,-38.74231890,143.67519757,103.194,0.012,0.012,0.019
4,100_0020_0121.JPG,-38.74210388,143.67514965,102.917,0.011,0.012,0.018
4,100_0020_0122.JPG,-38.74186466,143.67537480,102.805,0.011,0.012,0.018
4,100_0020_0123.JPG,-38.74165126,143.67557492,102.853,0.012,0.012,0.019
4,100_0020_0124.JPG,-38.74152530,143.67570068,102.678,0.011,0.012,0.019
4,100_0020_0125.JPG,-38.74179714,143.67582160,102.899,0.012,0.012,0.019
4,100_0020_0126.JPG,-38.74206151,143.67587988,103.654,0.011,0.012,0.018
4,100_0020_0127.JPG,-38.74233869,143.67591475,103.720,0.011,0.012,0.018
4,100_0020_0128.JPG,-38.74260767,143.67597228,104.044,0.012,0.012,0.019
4,100_0020_0129.JPG,-38.74286899,143.67603765,104.216,0.012,0.012,0.018
4,100_0020_0130.JPG,-38.74298376,143.67606666,104.480,0.011,0.012,0.018
4,100_0020_0131.JPG,-38.74272868,143.67626992,103.332,0.011,0.012,0.018
4,100_0020_0132.JPG,-38.74257785,143.67639211,102.870,0.011,0.012,0.018
4,100_0020_0133.JPG,-38.74237609,143.67659714,102.482,0.012,0.012,0.018
4,100_0020_0134.JPG,-38.74235385,143.67660854,102.394,0.011,0.012,0.018
4,100_0020_0135.JPG,-38.74207016,143.67653646,102.075,0.011,0.012,0.018
4,100_0020_0136.JPG,-38.74180862,143.67647148,102.540,0.012,0.013,0.019
4,100_0020_0137.JPG,-38.74154295,143.67640419,102.980,0.011,0.012,0.018
4,100_0020_0138.JPG,-38.74127963,143.67633650,103.746,0.012,0.012,0.018
4,100_0020_0139.JPG,-38.74101737,143.67627043,104.344,0.012,0.012,0.018
4,100_0020_0140.JPG,-38.74092385,143.67625214,104.090,0.011,0.012,0.018
4,100_0020_0141.JPG,-38.74068623,143.67647998,103.414,0.012,0.012,0.019
4,100_0020_0142.JPG,-38.74047064,143.67668191,103.432,0.011,0.012,0.018
4,100_0020_0143.JPG,-38.74034626,143.67680476,103.323,0.011,0.012,0.018
4,100_0020_0144.JPG,-38.74062501,143.67690998,103.138,0.011,0.012,0.018
4,100_0020_0145.JPG,-38.74089779,143.67695318,103.927,0.012,0.012,0.019
4,100_0020_0146.JPG,-38.74116128,143.67701362,104.421,0.011,0.012,0.018
4,100_0020_0147.JPG,-38.74142270,143.67708031,104.432,0.011,0.012,0.018
4,100_0020_0148.JPG,-38.74168522,143.67714843,104.467,0.012,0.012,0.018
4,100_0020_0149.JPG,-38.74180010,143.67717487,104.562,0.012,0.012,0.018
4,100_0020_0150.JPG,-38.74156447,143.67741371,103.598,0.011,0.012,0.018
4,100_0020_0151.JPG,-38.74135603,143.67762356,103.105,0.012,0.012,0.019
4,100_0020_0152.JPG,-38.74124243,143.67773225,102.837,0.011,0.012,0.018
4,100_0020_0153.JPG,-38.74095717,143.67768105,102.098,0.011,0.012,0.018
4,100_0020_0154.JPG,-38.74069040,143.67759623,102.930,0.012,0.012,0.019
4,100_0020_0155.JPG,-38.74042805,143.67752889,103.698,0.011,0.012,0.018
5,100_0021_0001.JPG,-38.73599883,143.68288333,103.180,0.018,0.017,0.027
5,100_0021_0002.JPG,-38.73602811,143.68327106,103.121,0.018,0.017,0.027
5,100_0021_0003.JPG,-38.73605503,143.68360134,103.376,0.016,0.015,0.023
5,100_0021_0004.JPG,-38.73606628,143.68368239,103.284,0.018,0.018,0.027
5,100_0021_0005.JPG,-38.73630214,143.68390898,102.566,0.019,0.019,0.029
5,100_0021_0006.JPG,-38.73651955,143.68411462,103.274,0.017,0.016,0.023
5,100_0021_0007.JPG,-38.73664667,143.68423142,103.563,0.017,0.016,0.025
5,100_0021_0008.JPG,-38.73661542,143.68386095,102.291,0.017,0.016,0.025
5,100_0021_0009.JPG,-38.73658856,143.68350894,102.681,0.020,0.019,0.030
5,100_0021_0010.JPG,-38.73655859,143.68316864,103.800,0.017,0.016,0.023
5,100_0021_0011.JPG,-38.73652921,143.68282669,103.731,0.018,0.018,0.027
5,100_0021_0012.JPG,-38.73649911,143.68248797,104.082,0.016,0.015,0.023
5,100_0021_0013.JPG,-38.73648350,143.68221675,104.447,0.017,0.016,0.024
5,100_0021_0014.JPG,-38.73668632,143.68196936,102.619,0.017,0.016,0.024
5,100_0021_0015.JPG,-38.73686642,143.68171319,102.543,0.019,0.018,0.028
5,100_0021_0016.JPG,-38.73696581,143.68158001,103.396,0.016,0.016,0.023
5,100_0021_0017.JPG,-38.73699651,143.68196317,103.112,0.017,0.016,0.023
5,100_0021_0018.JPG,-38.73702524,143.68229927,103.104,0.018,0.017,0.026
5,100_0021_0019.JPG,-38.73705479,143.68264156,102.991,0.020,0.019,0.031
5,100_0021_0020.JPG,-38.73708344,143.68298275,103.135,0.017,0.016,0.024
5,100_0021_0021.JPG,-38.73711215,143.68332302,103.090,0.019,0.018,0.029
5,100_0021_0022.JPG,-38.73713800,143.68363274,102.884,0.020,0.019,0.031
5,100_0021_0023.JPG,-38.73714556,143.68362974,102.612,0.019,0.018,0.028
5,100_0021_0024.JPG,-38.73734994,143.68339288,102.810,0.018,0.017,0.026
5,100_0021_0025.JPG,-38.73752131,143.68312230,104.163,0.019,0.018,0.028
5,100_0021_0026.JPG,-38.73762245,143.68292692,104.396,0.017,0.015,0.023
5,100_0021_0027.JPG,-38.73757426,143.68257711,103.477,0.019,0.018,0.029
5,100_0021_0028.JPG,-38.73753982,143.68223632,103.031,0.020,0.019,0.031
5,100_0021_0029.JPG,-38.73751347,143.68188609,103.335,0.016,0.016,0.023
5,100_0021_0030.JPG,-38.73748818,143.68154154,102.878,0.017,0.016,0.023
5,100_0021_0031.JPG,-38.73746027,143.68119881,102.592,0.018,0.017,0.026
5,100_0021_0032.JPG,-38.73744941,143.68089996,102.815,0.019,0.018,0.028
5,100_0021_0033.JPG,-38.73764934,143.68065604,101.255,0.019,0.018,0.028
5,100_0021_0034.JPG,-38.73783116,143.68039169,102.187,0.016,0.015,0.023
5,100_0021_0035.JPG,-38.73793038,143.68025665,103.212,0.017,0.016,0.025
5,100_0021_0036.JPG,-38.73796176,143.68064087,102.481,0.017,0.016,0.025
5,100_0021_0037.JPG,-38.73799021,143.68097886,102.249,0.020,0.019,0.030
5,100_0021_0038.JPG,-38.73801953,143.68132208,102.233,0.017,0.016,0.024
5,100_0021_0039.JPG,-38.73804938,143.68166234,102.342,0.019,0.018,0.028
5,100_0021_0040.JPG,-38.73807957,143.68200312,102.287,0.016,0.015,0.023
5,100_0021_0041.JPG,-38.73810182,143.68221028,102.384,0.017,0.016,0.024
5,100_0021_0042.JPG,-38.73830244,143.68195502,101.736,0.016,0.015,0.023
5,100_0021_0043.JPG,-38.73847361,143.68168471,102.985,0.017,0.016,0.025
5,100_0021_0044.JPG,-38.73857728,143.68149597,103.780,0.020,0.018,0.030
5,100_0021_0045.JPG,-38.73853137,143.68114622,102.154,0.019,0.018,0.029
5,100_0021_0046.JPG,-38.73851557,143.68079435,102.100,0.021,0.020,0.032
5,100_0021_0047.JPG,-38.73847784,143.68045272,102.430,0.017,0.016,0.024
5,100_0021_0048.JPG,-38.73845106,143.68011282,102.993,0.019,0.018,0.028
5,100_0021_0049.JPG,-38.73842472,143.67977062,102.706,0.021,0.020,0.032
5,100_0021_0050.JPG,-38.73841664,143.67957859,103.246,0.017,0.016,0.025
5,100_0021_0051.JPG,-38.73862039,143.67932687,101.856,0.018,0.017,0.026
5,100_0021_0052.JPG,-38.73879822,143.67907255,102.273,0.021,0.019,0.031
5,100_0021_0053.JPG,-38.73889650,143.67893862,103.198,0.017,0.016,0.023
5,100_0021_0054.JPG,-38.73892792,143.67931925,102.616,0.017,0.016,0.024
5,100_0021_0055.JPG,-38.73895675,143.67965784,102.837,0.019,0.018,0.028
5,100_0021_0056.JPG,-38.73898594,143.68000052,103.014,0.016,0.015,0.023
5,100_0021_0057.JPG,-38.73901671,143.68034476,103.138,0.018,0.017,0.026
5,100_0021_0058.JPG,-38.73904540,143.68068124,102.945,0.020,0.019,0.031
5,100_0021_0059.JPG,-38.73905556,143.68078834,102.589,0.017,0.016,0.024
5,100_0021_0060.JPG,-38.73925640,143.68053796,101.892,0.016,0.015,0.023
5,100_0021_0061.JPG,-38.73943349,143.68027204,102.974,0.017,0.015,0.024
5,100_0021_0062.JPG,-38.73953757,143.68008255,103.748,0.018,0.017,0.026
5,100_0021_0063.JPG,-38.73948632,143.67972931,102.798,0.017,0.016,0.025
5,100_0021_0064.JPG,-38.73946762,143.67937934,102.799,0.019,0.018,0.028
5,100_0021_0065.JPG,-38.73943923,143.67903260,102.883,0.013,0.012,0.019
5,100_0021_0066.JPG,-38.73941309,143.67868871,102.835,0.013,0.012,0.018
5,100_0021_0067.JPG,-38.73938631,143.67834505,102.989,0.013,0.012,0.018
5,100_0021_0068.JPG,-38.73938380,143.67826255,103.101,0.013,0.012,0.018
5,100_0021_0069.JPG,-38.73958920,143.67803710,101.523,0.013,0.012,0.018
5,100_0021_0070.JPG,-38.73978278,143.67780748,102.993,0.013,0.012,0.018
5,100_0021_0071.JPG,-38.73986498,143.67763090,104.150,0.013,0.012,0.018
5,100_0021_0072.JPG,-38.73989482,143.67800952,103.253,0.013,0.012,0.018
5,100_0021_0073.JPG,-38.73992494,143.67834648,102.419,0.013,0.012,0.019
5,100_0021_0074.JPG,-38.73995407,143.67869167,102.294,0.013,0.012,0.018
5,100_0021_0075.JPG,-38.73998411,143.67903097,102.467,0.013,0.012,0.018
5,100_0021_0076.JPG,-38.74001209,143.67935017,102.784,0.013,0.012,0.019
5,100_0021_0077.JPG,-38.74001659,143.67937018,102.486,0.013,0.012,0.019
5,100_0021_0078.JPG,-38.74022048,143.67913150,102.303,0.013,0.012,0.018
5,100_0021_0079.JPG,-38.74039443,143.67886251,103.819,0.013,0.012,0.018
5,100_0021_0080.JPG,-38.74049550,143.67865923,104.346,0.013,0.012,0.018
5,100_0021_0081.JPG,-38.74045236,143.67831547,102.736,0.013,0.012,0.018
5,100_0021_0082.JPG,-38.74043064,143.67796784,103.281,0.013,0.012,0.018
5,100_0021_0083.JPG,-38.74040061,143.67794113,103.438,0.013,0.012,0.018
5,100_0021_0084.JPG,-38.74024089,143.67776836,102.720,0.013,0.012,0.018
5,100_0021_0085.JPG,-38.73995395,143.67781575,102.018,0.013,0.012,0.018
5,100_0021_0086.JPG,-38.73970241,143.67784405,102.472,0.013,0.012,0.019
5,100_0021_0087.JPG,-38.73967956,143.67786407,102.332,0.013,0.012,0.018
5,100_0021_0088.JPG,-38.73948620,143.67812597,102.208,0.013,0.012,0.019
5,100_0021_0089.JPG,-38.73930492,143.67837379,101.993,0.013,0.012,0.018
5,100_0021_0090.JPG,-38.73913559,143.67860656,102.110,0.013,0.012,0.018
5,100_0021_0091.JPG,-38.73913424,143.67861508,102.066,0.013,0.012,0.018
5,100_0021_0092.JPG,-38.73942214,143.67861297,101.766,0.013,0.012,0.018
5,100_0021_0093.JPG,-38.73969285,143.67854365,102.940,0.013,0.012,0.019
5,100_0021_0094.JPG,-38.73995694,143.67850431,103.457,0.013,0.012,0.019
5,100_0021_0095.JPG,-38.74022477,143.67846771,103.907,0.013,0.012,0.018
5,100_0021_0096.JPG,-38.74049404,143.67843109,103.974,0.013,0.012,0.019
5,100_0021_0097.JPG,-38.74066791,143.67839947,104.199,0.013,0.012,0.019
5,100_0021_0098.JPG,-38.74047018,143.67869725,103.114,0.013,0.012,0.019
5,100_0021_0099.JPG,-38.74029718,143.67895365,102.510,0.013,0.012,0.018
5,100_0021_0100.JPG,-38.74015020,143.67916507,102.136,0.013,0.012,0.019
5,100_0021_0101.JPG,-38.73986244,143.67921493,101.665,0.013,0.012,0.019
5,100_0021_0102.JPG,-38.73959126,143.67924603,102.262,0.013,0.012,0.018
5,100_0021_0103.JPG,-38.73932488,143.67928353,102.971,0.013,0.012,0.019
5,100_0021_0104.JPG,-38.73905638,143.67931959,103.553,0.013,0.012,0.019
5,100_0021_0105.JPG,-38.73878982,143.67935161,103.211,0.013,0.012,0.018
5,100_0021_0106.JPG,-38.73855464,143.67939020,103.505,0.013,0.012,0.019
5,100_0021_0107.JPG,-38.73835384,143.67967190,103.123,0.013,0.012,0.019
5,100_0021_0108.JPG,-38.73817343,143.67991883,103.314,0.013,0.012,0.018
5,100_0021_0109.JPG,-38.73800671,143.68015000,102.396,0.013,0.012,0.018
5,100_0021_0110.JPG,-38.73800485,143.68015900,102.196,0.013,0.012,0.018
5,100_0021_0111.JPG,-38.73829476,143.68013766,102.414,0.013,0.012,0.018
5,100_0021_0112.JPG,-38.73856169,143.68009885,102.758,0.013,0.012,0.019
5,100_0021_0113.JPG,-38.73882463,143.68007035,103.343,0.013,0.012,0.019
5,100_0021_0114.JPG,-38.73908804,143.68005012,103.671,0.013,0.012,0.018
5,100_0021_0115.JPG,-38.73935675,143.68002469,104.115,0.013,0.012,0.019
5,100_0021_0116.JPG,-38.73961497,143.67996784,104.356,0.013,0.012,0.019
5,100_0021_0117.JPG,-38.73963965,143.67994483,104.487,0.013,0.012,0.018
5,100_0021_0118.JPG,-38.73944470,143.68022825,103.121,0.013,0.012,0.019
5,100_0021_0119.JPG,-38.73927014,143.68048697,102.634,0.013,0.012,0.019
5,100_0021_0120.JPG,-38.73912099,143.68069932,102.471,0.013,0.012,0.018
5,100_0021_0121.JPG,-38.73882810,143.68074129,101.837,0.013,0.012,0.019
5,100_0021_0122.JPG,-38.73856208,143.68077624,102.413,0.013,0.012,0.019
5,100_0021_0123.JPG,-38.73829488,143.68081359,103.095,0.013,0.012,0.018
5,100_0021_0124.JPG,-38.73802900,143.68085094,103.233,0.013,0.012,0.019
5,100_0021_0125.JPG,-38.73776328,143.68088856,103.201,0.013,0.012,0.019
5,100_0021_0126.JPG,-38.73749983,143.68092451,103.396,0.013,0.012,0.019
5,100_0021_0127.JPG,-38.73742167,143.68094071,103.137,0.013,0.012,0.019
5,100_0021_0128.JPG,-38.73722037,143.68121794,102.658,0.013,0.012,0.018
5,100_0021_0129.JPG,-38.73703983,143.68146494,102.481,0.013,0.012,0.019
5,100_0021_0130.JPG,-38.73687071,143.68169780,102.373,0.013,0.012,0.019
5,100_0021_0131.JPG,-38.73686923,143.68170668,102.325,0.013,0.012,0.019
5,100_0021_0132.JPG,-38.73716082,143.68169058,102.013,0.013,0.012,0.019
5,100_0021_0133.JPG,-38.73742747,143.68163613,102.754,0.013,0.012,0.019
5,100_0021_0134.JPG,-38.73769470,143.68159464,103.707,0.013,0.012,0.019
5,100_0021_0135.JPG,-38.73796668,143.68155124,104.662,0.013,0.012,0.019
5,100_0021_0136.JPG,-38.73823317,143.68151554,105.031,0.013,0.012,0.019
5,100_0021_0137.JPG,-38.73849454,143.68147934,104.266,0.013,0.012,0.019
5,100_0021_0138.JPG,-38.73860498,143.68146646,103.720,0.013,0.012,0.019
5,100_0021_0139.JPG,-38.73841010,143.68175829,102.698,0.013,0.012,0.019
5,100_0021_0140.JPG,-38.73823650,143.68201624,102.646,0.013,0.012,0.019
5,100_0021_0141.JPG,-38.73808818,143.68222917,102.637,0.013,0.012,0.019
5,100_0021_0142.JPG,-38.73779720,143.68226949,101.916,0.013,0.012,0.019
5,100_0021_0143.JPG,-38.73753104,143.68230669,102.269,0.013,0.012,0.019
5,100_0021_0144.JPG,-38.73726357,143.68234451,102.488,0.013,0.012,0.019
5,100_0021_0145.JPG,-38.73699769,143.68238220,102.632,0.013,0.012,0.019
5,100_0021_0146.JPG,-38.73673082,143.68242055,102.630,0.013,0.012,0.019
5,100_0021_0147.JPG,-38.73646587,143.68245776,102.752,0.013,0.012,0.019
5,100_0021_0148.JPG,-38.73629011,143.68248833,102.941,0.013,0.012,0.019
5,100_0021_0149.JPG,-38.73608837,143.68276658,102.847,0.013,0.012,0.019
5,100_0021_0150.JPG,-38.73590704,143.68301287,102.653,0.013,0.012,0.019
5,100_0021_0151.JPG,-38.73573900,143.68324486,102.604,0.013,0.012,0.019
5,100_0021_0152.JPG,-38.73573701,143.68325370,102.501,0.013,0.012,0.019
5,100_0021_0153.JPG,-38.73602659,143.68323189,102.246,0.013,0.012,0.019
5,100_0021_0154.JPG,-38.73629945,143.68317665,103.073,0.013,0.012,0.019
5,100_0021_0155.JPG,-38.73655872,143.68314353,103.510,0.013,0.012,0.019
5,100_0021_0156.JPG,-38.73682867,143.68310603,103.577,0.013,0.012,0.019
5,100_0021_0157.JPG,-38.73709460,143.68307030,103.904,0.013,0.012,0.019
5,100_0021_0158.JPG,-38.73735756,143.68305008,103.847,0.013,0.012,0.019
5,100_0021_0159.JPG,-38.73757914,143.68299765,104.097,0.013,0.012,0.019
5,100_0021_0160.JPG,-38.73738465,143.68328662,102.262,0.013,0.012,0.019
5,100_0021_0161.JPG,-38.73721003,143.68354685,102.143,0.013,0.012,0.019
5,100_0021_0162.JPG,-38.73706181,143.68376158,101.885,0.013,0.012,0.019
5,100_0021_0163.JPG,-38.73676745,143.68379871,101.728,0.013,0.012,0.019
5,100_0021_0164.JPG,-38.73650144,143.68383586,102.450,0.013,0.012,0.019
6,100_0022_0001.JPG,-38.73638564,143.68395644,103.675,0.018,0.014,0.026
6,100_0022_0002.JPG,-38.73648253,143.68431368,103.495,0.018,0.014,0.026
6,100_0022_0003.JPG,-38.73657262,143.68462181,103.351,0.019,0.015,0.029
6,100_0022_0004.JPG,-38.73658617,143.68468522,103.391,0.018,0.015,0.026
6,100_0022_0005.JPG,-38.73643143,143.68500906,102.905,0.018,0.015,0.027
6,100_0022_0006.JPG,-38.73629524,143.68529791,102.845,0.021,0.017,0.032
6,100_0022_0007.JPG,-38.73623757,143.68541030,102.787,0.018,0.014,0.026
6,100_0022_0008.JPG,-38.73613197,143.68508024,101.730,0.023,0.018,0.035
6,100_0022_0009.JPG,-38.73602961,143.68475916,102.187,0.018,0.015,0.026
6,100_0022_0010.JPG,-38.73594726,143.68443413,102.572,0.018,0.015,0.028
6,100_0022_0011.JPG,-38.73583432,143.68412771,102.929,0.020,0.016,0.030
6,100_0022_0012.JPG,-38.73573546,143.68380222,103.997,0.021,0.016,0.032
6,100_0022_0013.JPG,-38.73565024,143.68347519,104.483,0.023,0.017,0.035
6,100_0022_0014.JPG,-38.73562418,143.68337023,104.572,0.019,0.015,0.028
6,100_0022_0015.JPG,-38.73546961,143.68369968,103.800,0.019,0.015,0.029
6,100_0022_0016.JPG,-38.73533493,143.68398629,103.811,0.022,0.017,0.034
6,100_0022_0017.JPG,-38.73527987,143.68411558,103.871,0.019,0.015,0.028
6,100_0022_0018.JPG,-38.73538589,143.68447265,103.736,0.019,0.015,0.029
6,100_0022_0019.JPG,-38.73547880,143.68478980,103.357,0.023,0.017,0.035
6,100_0022_0020.JPG,-38.73557205,143.68510662,103.223,0.019,0.015,0.028
6,100_0022_0021.JPG,-38.73566748,143.68542971,103.422,0.021,0.017,0.032
6,100_0022_0022.JPG,-38.73576402,143.68575362,103.709,0.018,0.014,0.027
6,100_0022_0023.JPG,-38.73585808,143.68607264,104.162,0.020,0.015,0.030
6,100_0022_0024.JPG,-38.73588345,143.68617509,104.017,0.018,0.014,0.026
6,100_0022_0025.JPG,-38.73572702,143.68649852,103.792,0.018,0.015,0.027
6,100_0022_0026.JPG,-38.73559110,143.68678659,103.857,0.021,0.016,0.031
6,100_0022_0027.JPG,-38.73553108,143.68690128,103.690,0.024,0.018,0.037
6,100_0022_0028.JPG,-38.73541290,143.68657194,102.962,0.023,0.018,0.035
6,100_0022_0029.JPG,-38.73532080,143.68624291,103.475,0.018,0.014,0.027
6,100_0022_0030.JPG,-38.73523272,143.68592056,103.316,0.019,0.015,0.029
6,100_0022_0031.JPG,-38.73513660,143.68559085,103.818,0.022,0.017,0.034
6,100_0022_0032.JPG,-38.73503735,143.68527496,104.085,0.018,0.014,0.027
6,100_0022_0033.JPG,-38.73494643,143.68494576,104.283,0.020,0.016,0.030
6,100_0022_0034.JPG,-38.73491935,143.68484467,104.386,0.024,0.018,0.037
6,100_0022_0035.JPG,-38.73476546,143.68518275,103.584,0.024,0.018,0.037
6,100_0022_0036.JPG,-38.73463180,143.68547924,103.621,0.019,0.015,0.028
6,100_0022_0037.JPG,-38.73457399,143.68561461,103.696,0.023,0.017,0.035
6,100_0022_0038.JPG,-38.73468072,143.68597215,103.187,0.024,0.018,0.037
6,100_0022_0039.JPG,-38.73477481,143.68629269,103.570,0.019,0.015,0.028
6,100_0022_0040.JPG,-38.73486979,143.68661340,103.577,0.022,0.017,0.034
6,100_0022_0041.JPG,-38.73496545,143.68693503,103.547,0.018,0.014,0.027
6,100_0022_0042.JPG,-38.73506044,143.68725446,103.676,0.020,0.016,0.031
6,100_0022_0043.JPG,-38.73515668,143.68757793,103.863,0.024,0.018,0.037
6,100_0022_0044.JPG,-38.73520640,143.68776244,103.821,0.019,0.015,0.029
6,100_0022_0045.JPG,-38.73509465,143.68811338,103.189,0.020,0.016,0.031
6,100_0022_0046.JPG,-38.73499607,143.68842537,103.051,0.024,0.018,0.037
6,100_0022_0047.JPG,-38.73491323,143.68868477,103.149,0.018,0.014,0.027
6,100_0022_0048.JPG,-38.73480381,143.68834833,101.960,0.024,0.018,0.037
6,100_0022_0049.JPG,-38.73470348,143.68802627,102.017,0.018,0.015,0.028
6,100_0022_0050.JPG,-38.73461355,143.68769916,102.786,0.021,0.016,0.032
6,100_0022_0051.JPG,-38.73451874,143.68737337,103.395,0.024,0.018,0.037
6,100_0022_0052.JPG,-38.73442596,143.68705607,103.356,0.019,0.015,0.028
6,100_0022_0053.JPG,-38.73432671,143.68674253,102.946,0.021,0.016,0.032
6,100_0022_0054.JPG,-38.73423887,143.68641207,103.884,0.023,0.018,0.036
6,100_0022_0055.JPG,-38.73423013,143.68637837,104.243,0.020,0.016,0.031
6,100_0022_0056.JPG,-38.73411176,143.68674675,102.943,0.020,0.016,0.031
6,100_0022_0057.JPG,-38.73400833,143.68706006,103.350,0.024,0.018,0.037
6,100_0022_0058.JPG,-38.73393115,143.68731357,103.239,0.018,0.015,0.027
6,100_0022_0059.JPG,-38.73403957,143.68766873,103.085,0.019,0.015,0.029
6,100_0022_0060.JPG,-38.73413326,143.68798290,103.508,0.022,0.017,0.034
6,100_0022_0061.JPG,-38.73422925,143.68830403,103.246,0.018,0.014,0.027
6,100_0022_0062.JPG,-38.73432329,143.68862733,102.979,0.021,0.016,0.032
6,100_0022_0063.JPG,-38.73441692,143.68894948,102.870,0.018,0.014,0.027
6,100_0022_0064.JPG,-38.73451002,143.68927571,102.592,0.019,0.015,0.029
6,100_0022_0065.JPG,-38.73460535,143.68959342,102.310,0.023,0.017,0.035
6,100_0022_0066.JPG,-38.73463364,143.68969971,102.297,0.019,0.015,0.029
6,100_0022_0067.JPG,-38.73454840,143.69006112,102.335,0.020,0.016,0.031
6,100_0022_0068.JPG,-38.73447412,143.69038985,102.557,0.024,0.018,0.037
6,100_0022_0069.JPG,-38.73440040,143.69071197,102.607,0.019,0.015,0.029
6,100_0022_0070.JPG,-38.73438356,143.69077272,102.433,0.024,0.018,0.036
6,100_0022_0071.JPG,-38.73427525,143.69043724,101.548,0.022,0.017,0.034
6,100_0022_0072.JPG,-38.73418159,143.69011321,102.349,0.018,0.014,0.027
6,100_0022_0073.JPG,-38.73408288,143.68978681,102.948,0.014,0.011,0.021
6,100_0022_0074.JPG,-38.73399175,143.68945950,103.401,0.014,0.011,0.021
6,100_0022_0075.JPG,-38.73389527,143.68912698,104.141,0.014,0.011,0.021
6,100_0022_0076.JPG,-38.73380181,143.68881128,105.024,0.014,0.011,0.021
6,100_0022_0077.JPG,-38.73370679,143.68850465,104.572,0.014,0.011,0.022
6,100_0022_0078.JPG,-38.73363243,143.68824066,104.806,0.014,0.011,0.022
6,100_0022_0079.JPG,-38.73352802,143.68861335,103.908,0.014,0.011,0.022
6,100_0022_0080.JPG,-38.73343769,143.68893012,103.167,0.014,0.011,0.021
6,100_0022_0081.JPG,-38.73335119,143.68923761,102.975,0.014,0.011,0.021
6,100_0022_0082.JPG,-38.73336229,143.68927029,103.126,0.014,0.011,0.021
6,100_0022_0083.JPG,-38.73345941,143.68959197,103.718,0.014,0.011,0.022
6,100_0022_0084.JPG,-38.73355310,143.68991209,103.544,0.014,0.011,0.021
6,100_0022_0085.JPG,-38.73365122,143.69023339,103.495,0.014,0.011,0.021
6,100_0022_0086.JPG,-38.73374191,143.69055312,103.682,0.014,0.011,0.022
6,100_0022_0087.JPG,-38.73383932,143.69087508,103.378,0.014,0.011,0.021
6,100_0022_0088.JPG,-38.73393204,143.69118682,103.504,0.014,0.011,0.022
6,100_0022_0089.JPG,-38.73394300,143.69124629,102.939,0.014,0.011,0.021
6,100_0022_0090.JPG,-38.73365043,143.69122774,102.313,0.014,0.011,0.021
6,100_0022_0091.JPG,-38.73338754,143.69113641,103.088,0.014,0.011,0.022
6,100_0022_0092.JPG,-38.73333364,143.69111686,103.090,0.014,0.011,0.021
6,100_0022_0093.JPG,-38.73322865,143.69077904,102.691,0.014,0.011,0.021
6,100_0022_0094.JPG,-38.73321617,143.69069734,103.060,0.014,0.011,0.022
6,100_0022_0095.JPG,-38.73345853,143.69092005,101.651,0.014,0.011,0.022
6,100_0022_0096.JPG,-38.73367668,143.69111824,101.945,0.014,0.011,0.021
6,100_0022_0097.JPG,-38.73377526,143.69120175,101.996,0.014,0.011,0.022
6,100_0022_0098.JPG,-38.73404794,143.69107773,101.975,0.014,0.011,0.022
6,100_0022_0099.JPG,-38.73429906,143.69094780,102.759,0.014,0.011,0.021
6,100_0022_0100.JPG,-38.73435872,143.69091116,103.286,0.014,0.011,0.022
6,100_0022_0101.JPG,-38.73444775,143.69057758,102.296,0.014,0.011,0.022
6,100_0022_0102.JPG,-38.73452111,143.69024364,103.251,0.014,0.011,0.022
6,100_0022_0103.JPG,-38.73453728,143.69009067,104.220,0.014,0.011,0.022
6,100_0022_0104.JPG,-38.73425995,143.69022489,103.022,0.014,0.011,0.022
6,100_0022_0105.JPG,-38.73401252,143.69034939,102.566,0.014,0.011,0.022
6,100_0022_0106.JPG,-38.73376400,143.69047284,102.008,0.014,0.011,0.022
6,100_0022_0107.JPG,-38.73350660,143.69059582,102.340,0.014,0.011,0.022
6,100_0022_0108.JPG,-38.73326240,143.69071206,103.583,0.014,0.011,0.022
6,100_0022_0109.JPG,-38.73321174,143.69073334,103.457,0.014,0.011,0.022
6,100_0022_0110.JPG,-38.73323569,143.69037600,103.268,0.014,0.011,0.022
6,100_0022_0111.JPG,-38.73324986,143.69002904,103.511,0.014,0.011,0.022
6,100_0022_0112.JPG,-38.73325793,143.68997431,103.738,0.014,0.011,0.022
6,100_0022_0113.JPG,-38.73353123,143.68984959,102.422,0.014,0.011,0.022
6,100_0022_0114.JPG,-38.73378311,143.68972669,101.981,0.014,0.011,0.022
6,100_0022_0115.JPG,-38.73403013,143.68961587,102.124,0.014,0.011,0.022
6,100_0022_0116.JPG,-38.73428954,143.68948412,102.860,0.014,0.011,0.022
6,100_0022_0117.JPG,-38.73453221,143.68938363,103.038,0.014,0.011,0.022
6,100_0022_0118.JPG,-38.73474504,143.68926220,102.997,0.014,0.011,0.022
6,100_0022_0119.JPG,-38.73485706,143.68893572,102.442,0.014,0.011,0.022
6,100_0022_0120.JPG,-38.73495872,143.68861083,102.739,0.014,0.011,0.022
6,100_0022_0121.JPG,-38.73500819,143.68839607,103.025,0.014,0.011,0.022
6,100_0022_0122.JPG,-38.73473083,143.68853711,102.131,0.014,0.011,0.022
6,100_0022_0123.JPG,-38.73447865,143.68865439,102.368,0.014,0.011,0.022
6,100_0022_0124.JPG,-38.73422762,143.68877698,102.619,0.014,0.011,0.022
6,100_0022_0125.JPG,-38.73397969,143.68889852,102.634,0.014,0.011,0.022
6,100_0022_0126.JPG,-38.73372466,143.68901806,102.826,0.014,0.011,0.022
6,100_0022_0127.JPG,-38.73347688,143.68914272,103.229,0.014,0.011,0.022
6,100_0022_0128.JPG,-38.73336673,143.68919122,102.070,0.014,0.011,0.022
6,100_0022_0129.JPG,-38.73346580,143.68885790,100.874,0.014,0.011,0.022
6,100_0022_0130.JPG,-38.73356573,143.68852603,102.208,0.014,0.011,0.022
6,100_0022_0131.JPG,-38.73361162,143.68833124,103.491,0.014,0.011,0.022
6,100_0022_0132.JPG,-38.73388074,143.68821087,102.272,0.014,0.011,0.022
6,100_0022_0133.JPG,-38.73413575,143.68808390,101.959,0.014,0.011,0.022
6,100_0022_0134.JPG,-38.73438376,143.68796573,102.012,0.014,0.011,0.022
6,100_0022_0135.JPG,-38.73463460,143.68784634,102.136,0.014,0.011,0.022
6,100_0022_0136.JPG,-38.73488344,143.68773431,102.232,0.014,0.011,0.022
6,100_0022_0137.JPG,-38.73513513,143.68762556,102.489,0.014,0.011,0.022
6,100_0022_0138.JPG,-38.73528614,143.68752555,102.788,0.014,0.011,0.022
6,100_0022_0139.JPG,-38.73537701,143.68727039,102.145,0.014,0.011,0.022
6,100_0022_0140.JPG,-38.73553614,143.68698892,103.098,0.014,0.011,0.022
6,100_0022_0141.JPG,-38.73566335,143.68668288,103.514,0.014,0.011,0.022
6,100_0022_0142.JPG,-38.73568029,143.68659889,103.739,0.014,0.011,0.022
6,100_0022_0143.JPG,-38.73540057,143.68673594,102.300,0.014,0.011,0.022
6,100_0022_0144.JPG,-38.73515171,143.68685688,102.255,0.014,0.011,0.022
6,100_0022_0145.JPG,-38.73489955,143.68698015,102.256,0.014,0.011,0.022
6,100_0022_0146.JPG,-38.73464844,143.68710220,102.648,0.014,0.011,0.022
6,100_0022_0147.JPG,-38.73439789,143.68722426,102.585,0.014,0.011,0.022
6,100_0022_0148.JPG,-38.73414779,143.68734551,102.400,0.014,0.011,0.022
6,100_0022_0149.JPG,-38.73390802,143.68746112,102.858,0.014,0.011,0.022
6,100_0022_0150.JPG,-38.73388165,143.68746882,102.485,0.014,0.011,0.022
6,100_0022_0151.JPG,-38.73400679,143.68714993,101.485,0.014,0.011,0.022
6,100_0022_0152.JPG,-38.73410749,143.68682507,102.346,0.014,0.011,0.022
6,100_0022_0153.JPG,-38.73417067,143.68659498,103.261,0.014,0.011,0.022
6,100_0022_0154.JPG,-38.73443710,143.68649171,101.398,0.014,0.011,0.022
6,100_0022_0155.JPG,-38.73468655,143.68635521,101.981,0.014,0.011,0.022
6,100_0022_0156.JPG,-38.73493913,143.68623358,102.795,0.014,0.011,0.022
6,100_0022_0157.JPG,-38.73519379,143.68609989,103.619,0.014,0.011,0.022
6,100_0022_0158.JPG,-38.73544820,143.68597391,103.964,0.014,0.011,0.022
6,100_0022_0159.JPG,-38.73569630,143.68585583,104.257,0.014,0.011,0.023
6,100_0022_0160.JPG,-38.73594708,143.68573462,104.410,0.014,0.011,0.022
6,100_0022_0161.JPG,-38.73614637,143.68563241,103.775,0.014,0.011,0.022
6,100_0022_0162.JPG,-38.73630513,143.68535732,101.693,0.014,0.011,0.022
6,100_0022_0163.JPG,-38.73644406,143.68505637,102.294,0.014,0.011,0.022
6,100_0022_0164.JPG,-38.73658130,143.68475659,102.640,0.014,0.011,0.022
6,100_0022_0165.JPG,-38.73659120,143.68468966,102.840,0.014,0.011,0.022
6,100_0022_0166.JPG,-38.73631869,143.68482868,101.560,0.014,0.011,0.022
6,100_0022_0167.JPG,-38.73606160,143.68494443,102.093,0.014,0.011,0.022
6,100_0022_0168.JPG,-38.73580919,143.68506458,102.708,0.014,0.011,0.022
6,100_0022_0169.JPG,-38.73556376,143.68518278,102.650,0.014,0.011,0.022
6,100_0022_0170.JPG,-38.73531115,143.68530435,102.227,0.014,0.011,0.023
6,100_0022_0171.JPG,-38.73505439,143.68542720,102.382,0.014,0.011,0.022
6,100_0022_0172.JPG,-38.73480731,143.68554891,102.629,0.014,0.011,0.022
6,100_0022_0173.JPG,-38.73457432,143.68566407,102.381,0.014,0.011,0.023
6,100_0022_0174.JPG,-38.73455569,143.68566920,102.191,0.014,0.011,0.022
6,100_0022_0175.JPG,-38.73470476,143.68535736,101.429,0.014,0.011,0.022
6,100_0022_0176.JPG,-38.73483891,143.68504721,101.936,0.014,0.011,0.023
6,100_0022_0177.JPG,-38.73496678,143.68475810,102.742,0.014,0.011,0.022
6,100_0022_0178.JPG,-38.73498923,143.68472173,102.901,0.014,0.011,0.022
6,100_0022_0179.JPG,-38.73526071,143.68463031,101.624,0.014,0.011,0.022
6,100_0022_0180.JPG,-38.73551247,143.68447997,102.069,0.014,0.011,0.022
6,100_0022_0181.JPG,-38.73575759,143.68436746,102.158,0.014,0.011,0.023
6,100_0022_0182.JPG,-38.73600906,143.68426156,102.290,0.014,0.011,0.022
6,100_0022_0183.JPG,-38.73626180,143.68413168,102.628,0.014,0.011,0.022
6,100_0022_0184.JPG,-38.73645373,143.68401267,103.432,0.014,0.011,0.023
6,100_0022_0185.JPG,-38.73620652,143.68381961,102.001,0.014,0.011,0.023
6,100_0022_0186.JPG,-38.73599410,143.68359639,102.741,0.014,0.011,0.023
6,100_0022_0187.JPG,-38.73592289,143.68353174,103.184,0.014,0.011,0.022
6,100_0022_0188.JPG,-38.73564552,143.68366958,101.831,0.014,0.011,0.023
