=+proj=longlat +ellps=GRS80 +no_defs +type=crs,,,,,,,,,,,,,,
,,,,,,,,,,,,,,
,image, x (long), y (lat), z (alt), yaw, pitch, roll, h_accuracy, v_accuracy, label,,,,
Flight,File name,Latitude (GDA94) (deg),Longitude (GDA94) (deg),Ellipsoid height (GDA94) (m),,,,,RMS Error Up (m),,,,RMS Error North (m),RMS Error East (m)
1,100_0001_0001.JPG,-38.75467434,143.6705612,99.188,,,,,0.03,,,,0.01,0.009
1,100_0001_0002.JPG,-38.75478252,143.6709107,98.565,,,,,0.103,,,,0.037,0.033
1,100_0001_0003.JPG,-38.75485487,143.6712543,99.004,,,,,0.094,,,,0.033,0.03
1,100_0001_0004.JPG,-38.75491323,143.6714883,99.98,,,,,0.083,,,,0.029,0.026
1,100_0001_0005.JPG,-38.75518483,143.6716324,99.021,,,,,0.069,,,,0.025,0.021
1,100_0001_0006.JPG,-38.75538508,143.6717353,99.852,,,,,0.055,,,,0.019,0.017
1,100_0001_0007.JPG,-38.75530049,143.6713665,99.537,,,,,0.042,,,,0.014,0.012
1,100_0001_0008.JPG,-38.75522513,143.6710397,99.734,,,,,0.033,,,,0.011,0.01
1,100_0001_0009.JPG,-38.75514836,143.6707091,99.902,,,,,0.027,,,,0.01,0.009
1,100_0001_0010.JPG,-38.7550718,143.6703771,100.167,,,,,0.122,,,,0.041,0.036
1,100_0001_0011.JPG,-38.75499816,143.6700601,100.305,,,,,0.11,,,,0.037,0.032
1,100_0001_0012.JPG,-38.75499389,143.6700174,100.186,,,,,0.103,,,,0.034,0.03
1,100_0001_0013.JPG,-38.75528516,143.6701016,99.166,,,,,0.085,,,,0.028,0.025
1,100_0001_0014.JPG,-38.75544285,143.6701563,99.609,,,,,0.074,,,,0.024,0.021
1,100_0001_0015.JPG,-38.75553289,143.6705049,98.552,,,,,0.056,,,,0.018,0.016
1,100_0001_0016.JPG,-38.75560288,143.6708459,98.895,,,,,0.046,,,,0.015,0.013
1,100_0001_0017.JPG,-38.75567704,143.6711739,99.64,,,,,0.036,,,,0.012,0.01
1,100_0001_0018.JPG,-38.75575269,143.6715037,99.957,,,,,0.029,,,,0.01,0.009
1,100_0001_0019.JPG,-38.75582808,143.6718341,100.166,,,,,0.026,,,,0.009,0.009
1,100_0001_0020.JPG,-38.75587036,143.6720091,100.209,,,,,0.031,,,,0.01,0.009
1,100_0001_0021.JPG,-38.75612252,143.6721457,99.318,,,,,0.044,,,,0.014,0.012
1,100_0001_0022.JPG,-38.75630941,143.6724177,98.872,,,,,0.052,,,,0.017,0.014
1,100_0001_0023.JPG,-38.75641422,143.672566,99.414,,,,,0.053,,,,0.017,0.014
1,100_0001_0024.JPG,-38.7563298,143.6721988,99.4,,,,,0.047,,,,0.015,0.013
1,100_0001_0025.JPG,-38.7562542,143.6718725,99.776,,,,,0.039,,,,0.013,0.011
1,100_0001_0026.JPG,-38.75617855,143.671543,100.082,,,,,0.03,,,,0.01,0.008
1,100_0001_0027.JPG,-38.7561016,143.6712115,100.242,,,,,0.026,,,,0.008,0.008
1,100_0001_0028.JPG,-38.75602482,143.6708812,100.279,,,,,0.031,,,,0.01,0.01
1,100_0001_0029.JPG,-38.75594776,143.6705519,100.235,,,,,0.04,,,,0.013,0.011
1,100_0001_0030.JPG,-38.75589326,143.6702949,99.955,,,,,0.05,,,,0.016,0.013
1,100_0001_0031.JPG,-38.75617809,143.6703968,98.84,,,,,0.054,,,,0.017,0.015
1,100_0001_0032.JPG,-38.75635011,143.6704672,99.245,,,,,0.05,,,,0.016,0.014
1,100_0001_0033.JPG,-38.7564398,143.6708149,98.136,,,,,0.04,,,,0.013,0.011
1,100_0001_0034.JPG,-38.75651017,143.6711541,98.499,,,,,0.031,,,,0.01,0.009
1,100_0001_0035.JPG,-38.7565853,143.6714861,99.29,,,,,0.026,,,,0.01,0.007
1,100_0001_0036.JPG,-38.75666093,143.6718117,99.61,,,,,0.027,,,,0.009,0.009
1,100_0001_0037.JPG,-38.75673673,143.6721422,99.751,,,,,0.034,,,,0.011,0.009
1,100_0001_0038.JPG,-38.756813,143.6724739,99.918,,,,,0.041,,,,0.013,0.012
1,100_0001_0039.JPG,-38.75688711,143.6728011,100.351,,,,,0.047,,,,0.015,0.013
1,100_0001_0040.JPG,-38.7569618,143.6731302,100.737,,,,,0.049,,,,0.016,0.014
1,100_0001_0041.JPG,-38.75703694,143.673459,100.502,,,,,0.049,,,,0.016,0.014
1,100_0001_0042.JPG,-38.75711376,143.6737938,100.593,,,,,0.045,,,,0.015,0.013
1,100_0001_0043.JPG,-38.75718865,143.6741181,100.13,,,,,0.039,,,,0.013,0.011
1,100_0001_0044.JPG,-38.75726334,143.6744473,100.161,,,,,0.031,,,,0.01,0.009
1,100_0001_0045.JPG,-38.75728364,143.6745099,100.315,,,,,0.027,,,,0.009,0.008
1,100_0001_0046.JPG,-38.75757683,143.6745023,99.671,,,,,0.028,,,,0.01,0.009
1,100_0001_0047.JPG,-38.75769079,143.6744913,99.701,,,,,0.099,,,,0.023,0.017
1,100_0001_0048.JPG,-38.75761085,143.6741308,99.412,,,,,0.044,,,,0.014,0.013
1,100_0001_0049.JPG,-38.7575325,143.6738052,99.824,,,,,0.046,,,,0.015,0.014
1,100_0001_0050.JPG,-38.75745802,143.6734757,100.095,,,,,0.047,,,,0.016,0.014
1,100_0001_0051.JPG,-38.75738145,143.6731456,100.101,,,,,0.044,,,,0.015,0.013
1,100_0001_0052.JPG,-38.75730542,143.6728153,100.003,,,,,0.039,,,,0.013,0.011
1,100_0001_0053.JPG,-38.75723001,143.672485,100.255,,,,,0.032,,,,0.01,0.01
1,100_0001_0054.JPG,-38.75715451,143.6721551,100.014,,,,,0.026,,,,0.009,0.009
1,100_0001_0055.JPG,-38.75707699,143.6718243,100.201,,,,,0.025,,,,0.009,0.008
1,100_0001_0056.JPG,-38.75700073,143.6714946,100.031,,,,,0.029,,,,0.01,0.009
1,100_0001_0057.JPG,-38.75692542,143.6711686,100.104,,,,,0.036,,,,0.012,0.011
1,100_0001_0058.JPG,-38.75684877,143.6708415,100.207,,,,,0.041,,,,0.014,0.012
1,100_0001_0059.JPG,-38.75683505,143.6707615,99.961,,,,,0.044,,,,0.015,0.013
1,100_0001_0060.JPG,-38.75710952,143.670917,98.759,,,,,0.044,,,,0.015,0.013
1,100_0001_0061.JPG,-38.75732022,143.6710479,98.819,,,,,0.039,,,,0.013,0.012
1,100_0001_0062.JPG,-38.75740409,143.6714,98.112,,,,,0.031,,,,0.011,0.01
1,100_0001_0063.JPG,-38.75747901,143.6717352,98.416,,,,,0.026,,,,0.009,0.009
1,100_0001_0064.JPG,-38.75755589,143.6720671,98.773,,,,,0.025,,,,0.009,0.007
1,100_0001_0065.JPG,-38.75763091,143.6723897,99.138,,,,,0.03,,,,0.01,0.009
1,100_0001_0066.JPG,-38.7577073,143.6727199,99.4,,,,,0.036,,,,0.012,0.011
1,100_0001_0067.JPG,-38.7577837,143.6730506,99.571,,,,,0.041,,,,0.014,0.012
1,100_0001_0068.JPG,-38.7578601,143.673383,99.807,,,,,0.044,,,,0.015,0.013
1,100_0001_0069.JPG,-38.757935,143.6737099,99.854,,,,,0.044,,,,0.015,0.013
1,100_0001_0070.JPG,-38.75801103,143.6740384,99.899,,,,,0.042,,,,0.014,0.013
1,100_0001_0071.JPG,-38.75808739,143.6743704,99.638,,,,,0.037,,,,0.013,0.011
1,100_0001_0072.JPG,-38.75811832,143.6744881,99.502,,,,,0.032,,,,0.011,0.009
1,100_0001_0073.JPG,-38.75839698,143.674368,98.965,,,,,0.025,,,,0.009,0.008
1,100_0001_0074.JPG,-38.75849179,143.6743177,99.476,,,,,0.027,,,,0.009,0.007
1,100_0001_0075.JPG,-38.75840909,143.6739551,99.28,,,,,0.035,,,,0.012,0.01
1,100_0001_0076.JPG,-38.75833319,143.6736269,99.416,,,,,0.041,,,,0.014,0.012
1,100_0001_0077.JPG,-38.75825768,143.6732979,99.628,,,,,0.044,,,,0.015,0.013
1,100_0001_0078.JPG,-38.75818046,143.6729662,100.04,,,,,0.045,,,,0.015,0.014
1,100_0001_0079.JPG,-38.75810492,143.6726378,100.186,,,,,0.043,,,,0.014,0.013
1,100_0001_0080.JPG,-38.75804504,143.6723732,99.89,,,,,0.035,,,,0.012,0.01
1,100_0001_0081.JPG,-38.75813915,143.6727223,98.397,,,,,0.026,,,,0.009,0.007
1,100_0001_0082.JPG,-38.75821671,143.67306,98.553,,,,,0.025,,,,0.008,0.007
1,100_0001_0083.JPG,-38.75829709,143.673385,99.079,,,,,0.03,,,,0.01,0.008
1,100_0001_0084.JPG,-38.75837913,143.6737157,99.481,,,,,0.036,,,,0.012,0.011
1,100_0001_0085.JPG,-38.75846054,143.6740439,99.886,,,,,0.041,,,,0.014,0.012
1,100_0001_0086.JPG,-38.75848689,143.6741668,100.317,,,,,0.044,,,,0.015,0.013
1,100_0001_0087.JPG,-38.7582085,143.6742672,99.09,,,,,0.043,,,,0.015,0.013
1,100_0001_0088.JPG,-38.75794683,143.674372,99.769,,,,,0.04,,,,0.014,0.012
1,100_0001_0089.JPG,-38.7576877,143.6744705,100.412,,,,,0.034,,,,0.011,0.01
1,100_0001_0090.JPG,-38.75758326,143.6745046,100.591,,,,,0.029,,,,0.01,0.009
1,100_0001_0091.JPG,-38.75732797,143.6743354,98.899,,,,,0.026,,,,0.009,0.009
1,100_0001_0092.JPG,-38.75708886,143.6741911,99.323,,,,,0.028,,,,0.01,0.009
1,100_0001_0093.JPG,-38.75706431,143.6741679,99.407,,,,,0.032,,,,0.011,0.01
1,100_0001_0094.JPG,-38.75734963,143.6740566,99.262,,,,,0.041,,,,0.014,0.012
1,100_0001_0095.JPG,-38.75760375,143.6739598,99.456,,,,,0.045,,,,0.016,0.013
1,100_0001_0096.JPG,-38.75785898,143.673862,99.311,,,,,0.044,,,,0.015,0.014
1,100_0001_0097.JPG,-38.75811807,143.6737652,99.475,,,,,0.042,,,,0.014,0.013
1,100_0001_0098.JPG,-38.7583752,143.6736678,99.499,,,,,0.038,,,,0.013,0.011
1,100_0001_0099.JPG,-38.75848283,143.6736215,99.411,,,,,0.031,,,,0.011,0.009
1,100_0001_0100.JPG,-38.7584062,143.6732557,99.434,,,,,0.025,,,,0.01,0.008
1,100_0001_0101.JPG,-38.75837444,143.6731348,99.492,,,,,0.026,,,,0.008,0.008
1,100_0001_0102.JPG,-38.7580924,143.6732307,98.897,,,,,0.036,,,,0.012,0.011
1,100_0001_0103.JPG,-38.75783366,143.673337,99.402,,,,,0.041,,,,0.014,0.012
1,100_0001_0104.JPG,-38.75757601,143.6734343,99.91,,,,,0.044,,,,0.015,0.013
1,100_0001_0105.JPG,-38.75731798,143.6735314,100.288,,,,,0.046,,,,0.015,0.014
1,100_0001_0106.JPG,-38.75706172,143.6736273,100.362,,,,,0.042,,,,0.015,0.013
1,100_0001_0107.JPG,-38.75698599,143.6736501,100.2,,,,,0.038,,,,0.013,0.011
1,100_0001_0108.JPG,-38.75693485,143.6733172,99.523,,,,,0.027,,,,0.01,0.008
1,100_0001_0109.JPG,-38.7568351,143.6731755,99.495,,,,,0.025,,,,0.008,0.008
1,100_0001_0110.JPG,-38.7571259,143.6730643,98.928,,,,,0.033,,,,0.011,0.01
1,100_0001_0111.JPG,-38.75737847,143.6729693,98.907,,,,,0.039,,,,0.013,0.012
1,100_0001_0112.JPG,-38.75763526,143.672872,99.06,,,,,0.043,,,,0.015,0.013
1,100_0001_0113.JPG,-38.75789284,143.6727761,99.116,,,,,0.045,,,,0.016,0.014
1,100_0001_0114.JPG,-38.75814142,143.6726815,99.367,,,,,0.043,,,,0.015,0.013
1,100_0001_0115.JPG,-38.75817142,143.6726627,99.412,,,,,0.041,,,,0.014,0.012
1,100_0001_0116.JPG,-38.75803013,143.6723328,99.055,,,,,0.033,,,,0.011,0.01
1,100_0001_0117.JPG,-38.75796892,143.6722095,99.213,,,,,0.027,,,,0.009,0.008
1,100_0001_0118.JPG,-38.75768817,143.6723059,98.554,,,,,0.026,,,,0.009,0.008
1,100_0001_0119.JPG,-38.75742762,143.6724098,99.063,,,,,0.031,,,,0.01,0.01
1,100_0001_0120.JPG,-38.75717099,143.6725101,99.744,,,,,0.037,,,,0.013,0.011
1,100_0001_0121.JPG,-38.75691477,143.6726066,100.265,,,,,0.042,,,,0.014,0.013
1,100_0001_0122.JPG,-38.75665756,143.6727031,100.523,,,,,0.044,,,,0.015,0.013
1,100_0001_0123.JPG,-38.75652816,143.6727477,100.485,,,,,0.044,,,,0.015,0.013
1,100_0001_0124.JPG,-38.75633277,143.6724684,99.039,,,,,0.039,,,,0.013,0.012
1,100_0001_0125.JPG,-38.75624064,143.6723262,99.308,,,,,0.032,,,,0.011,0.01
1,100_0001_0126.JPG,-38.75652502,143.6722154,98.852,,,,,0.025,,,,0.009,0.009
1,100_0001_0127.JPG,-38.75677928,143.672119,98.669,,,,,0.026,,,,0.009,0.009
1,100_0001_0128.JPG,-38.75703872,143.6720209,98.772,,,,,0.032,,,,0.011,0.01
1,100_0001_0129.JPG,-38.75729459,143.6719242,98.856,,,,,0.04,,,,0.014,0.012
1,100_0001_0130.JPG,-38.75755303,143.6718271,98.994,,,,,0.062,,,,0.017,0.016
1,100_0001_0131.JPG,-38.75774331,143.6717484,98.933,,,,,0.045,,,,0.015,0.014
1,100_0001_0132.JPG,-38.75756582,143.6714461,98.96,,,,,0.041,,,,0.014,0.012
1,100_0001_0133.JPG,-38.75748156,143.6713179,99.168,,,,,0.036,,,,0.012,0.01
1,100_0001_0134.JPG,-38.75720124,143.6714132,98.206,,,,,0.026,,,,0.009,0.008
1,100_0001_0135.JPG,-38.75694292,143.6715188,98.704,,,,,0.024,,,,0.009,0.007
1,100_0001_0136.JPG,-38.75668363,143.671617,99.525,,,,,0.029,,,,0.01,0.009
1,100_0001_0137.JPG,-38.75642867,143.6717132,100.025,,,,,0.035,,,,0.012,0.011
1,100_0001_0138.JPG,-38.75617108,143.6718116,100.346,,,,,0.04,,,,0.014,0.012
1,100_0001_0139.JPG,-38.75591513,143.6719056,100.143,,,,,0.044,,,,0.015,0.013
1,100_0001_0140.JPG,-38.75576998,143.6719602,100.54,,,,,0.045,,,,0.015,0.014
1,100_0001_0141.JPG,-38.7555089,143.6718061,99.114,,,,,0.041,,,,0.014,0.012
1,100_0001_0142.JPG,-38.7552606,143.6716771,98.915,,,,,0.036,,,,0.012,0.011
1,100_0001_0143.JPG,-38.75520296,143.671639,99.074,,,,,0.031,,,,0.011,0.01
1,100_0001_0144.JPG,-38.75548981,143.6715288,98.476,,,,,0.024,,,,0.009,0.006
1,100_0001_0145.JPG,-38.75574253,143.6714317,98.41,,,,,0.027,,,,0.009,0.008
1,100_0001_0146.JPG,-38.7559996,143.6713351,98.72,,,,,0.033,,,,0.011,0.01
1,100_0001_0147.JPG,-38.75625953,143.6712368,98.784,,,,,0.039,,,,0.013,0.012
1,100_0001_0148.JPG,-38.75651754,143.6711405,99.009,,,,,0.043,,,,0.015,0.013
1,100_0001_0149.JPG,-38.75677457,143.671044,99.162,,,,,0.045,,,,0.015,0.014
1,100_0001_0150.JPG,-38.75703132,143.6709478,99.078,,,,,0.044,,,,0.015,0.013
1,100_0001_0151.JPG,-38.75710913,143.6709145,99.021,,,,,0.04,,,,0.014,0.014
1,100_0001_0152.JPG,-38.7568452,143.6707463,98.628,,,,,0.03,,,,0.01,0.009
1,100_0001_0153.JPG,-38.75660004,143.6706086,99.287,,,,,0.025,,,,0.009,0.007
1,100_0001_0154.JPG,-38.75655209,143.6705846,99.264,,,,,0.024,,,,0.008,0.007
1,100_0001_0155.JPG,-38.75627966,143.6706824,97.884,,,,,0.03,,,,0.011,0.01
1,100_0001_0156.JPG,-38.75601732,143.6707897,98.662,,,,,0.037,,,,0.013,0.011
1,100_0001_0157.JPG,-38.75575955,143.6708858,99.378,,,,,0.042,,,,0.014,0.013
1,100_0001_0158.JPG,-38.75550207,143.6709834,99.822,,,,,0.044,,,,0.015,0.014
1,100_0001_0159.JPG,-38.75524501,143.6710797,100.216,,,,,0.044,,,,0.015,0.013
1,100_0001_0160.JPG,-38.75498939,143.6711778,100.5,,,,,0.041,,,,0.014,0.012
1,100_0001_0161.JPG,-38.7547324,143.671276,100.68,,,,,0.036,,,,0.012,0.011
1,100_0001_0162.JPG,-38.75464476,143.6713044,100.606,,,,,0.03,,,,0.01,0.009
1,100_0001_0163.JPG,-38.75466785,143.6709275,99.251,,,,,0.028,,,,0.01,0.008
1,100_0001_0164.JPG,-38.75468319,143.6707586,98.891,,,,,0.028,,,,0.01,0.009
1,100_0001_0165.JPG,-38.75496777,143.670648,98.39,,,,,0.038,,,,0.013,0.011
1,100_0001_0166.JPG,-38.75522049,143.6705524,98.565,,,,,0.042,,,,0.014,0.013
1,100_0001_0167.JPG,-38.75547801,143.6704558,98.725,,,,,0.046,,,,0.015,0.014
1,100_0001_0168.JPG,-38.75573615,143.6703587,98.935,,,,,0.047,,,,0.016,0.014
1,100_0001_0169.JPG,-38.7559024,143.6702932,98.929,,,,,0.043,,,,0.015,0.013
1,100_0001_0170.JPG,-38.75561987,143.6701976,98.58,,,,,0.033,,,,0.011,0.01
1,100_0001_0171.JPG,-38.75535287,143.6701237,99.055,,,,,0.027,,,,0.009,0.008
1,100_0001_0172.JPG,-38.75511149,143.6700544,99.447,,,,,0.026,,,,0.009,0.008
1,100_0001_0173.JPG,-38.7548421,143.6701519,98.307,,,,,0.037,,,,0.012,0.011
2,100_0002_0001.JPG,-38.75038912,143.6716542,99.032,,,,,0.035,,,,0.013,0.012
2,100_0002_0002.JPG,-38.75034276,143.6716049,98.915,,,,,0.03,,,,0.012,0.01
2,100_0002_0003.JPG,-38.75028849,143.6712406,98.921,,,,,0.023,,,,0.009,0.007
2,100_0002_0004.JPG,-38.75023459,143.6709112,99.709,,,,,0.099,,,,0.038,0.033
2,100_0002_0005.JPG,-38.7502306,143.6708564,99.682,,,,,0.103,,,,0.042,0.031
2,100_0002_0006.JPG,-38.75046874,143.6710823,98.731,,,,,0.076,,,,0.028,0.025
2,100_0002_0007.JPG,-38.75068239,143.6712921,99.115,,,,,0.063,,,,0.024,0.021
2,100_0002_0008.JPG,-38.75088784,143.6714924,99.684,,,,,0.053,,,,0.02,0.018
2,100_0002_0009.JPG,-38.75090961,143.6715051,99.704,,,,,0.053,,,,0.02,0.017
2,100_0002_0010.JPG,-38.75119699,143.6714168,99.226,,,,,0.039,,,,0.015,0.012
2,100_0002_0011.JPG,-38.75140701,143.6713468,99.331,,,,,0.026,,,,0.01,0.009
2,100_0002_0012.JPG,-38.75117066,143.6711146,99.157,,,,,0.101,,,,0.038,0.034
2,100_0002_0013.JPG,-38.75095613,143.6709072,99.771,,,,,0.09,,,,0.034,0.03
2,100_0002_0014.JPG,-38.75074417,143.6707004,99.859,,,,,0.081,,,,0.031,0.027
2,100_0002_0015.JPG,-38.75053081,143.6704917,99.523,,,,,0.068,,,,0.026,0.023
2,100_0002_0016.JPG,-38.75031592,143.6702855,99.618,,,,,0.058,,,,0.022,0.02
2,100_0002_0017.JPG,-38.75021558,143.6701801,99.764,,,,,0.051,,,,0.019,0.016
2,100_0002_0018.JPG,-38.75050699,143.670079,99.092,,,,,0.036,,,,0.013,0.012
2,100_0002_0019.JPG,-38.75070877,143.6700141,99.153,,,,,0.033,,,,0.016,0.011
2,100_0002_0020.JPG,-38.75094077,143.6702397,98.633,,,,,0.023,,,,0.01,0.007
2,100_0002_0021.JPG,-38.75115455,143.6704516,99.146,,,,,0.028,,,,0.011,0.009
2,100_0002_0022.JPG,-38.75136642,143.6706591,99.531,,,,,0.034,,,,0.013,0.011
2,100_0002_0023.JPG,-38.75157931,143.6708672,99.673,,,,,0.04,,,,0.015,0.013
2,100_0002_0024.JPG,-38.75179243,143.6710749,99.686,,,,,0.04,,,,0.016,0.013
2,100_0002_0025.JPG,-38.75192695,143.671202,99.909,,,,,0.036,,,,0.015,0.013
2,100_0002_0026.JPG,-38.75221112,143.6711137,99.266,,,,,0.03,,,,0.012,0.011
2,100_0002_0027.JPG,-38.75227834,143.6710966,99.217,,,,,0.028,,,,0.012,0.01
2,100_0002_0028.JPG,-38.75250366,143.6711174,99.092,,,,,0.022,,,,0.011,0.007
2,100_0002_0029.JPG,-38.75226715,143.6708855,99.041,,,,,0.023,,,,0.01,0.008
2,100_0002_0030.JPG,-38.75205538,143.6706793,99.133,,,,,0.028,,,,0.012,0.01
2,100_0002_0031.JPG,-38.7518418,143.6704732,99.448,,,,,0.033,,,,0.014,0.012
2,100_0002_0032.JPG,-38.75162883,143.6702659,99.581,,,,,0.036,,,,0.015,0.013
2,100_0002_0033.JPG,-38.75141423,143.6700586,99.443,,,,,0.036,,,,0.015,0.013
2,100_0002_0034.JPG,-38.7512097,143.6698621,99.591,,,,,0.033,,,,0.014,0.011
2,100_0002_0035.JPG,-38.7512057,143.6698489,99.423,,,,,0.03,,,,0.014,0.011
2,100_0002_0036.JPG,-38.75150077,143.6697982,98.705,,,,,0.023,,,,0.01,0.009
2,100_0002_0037.JPG,-38.75175473,143.6697587,99.108,,,,,0.022,,,,0.009,0.007
2,100_0002_0038.JPG,-38.75178924,143.6697737,99.044,,,,,0.021,,,,0.009,0.008
2,100_0002_0039.JPG,-38.75200828,143.6699854,98.561,,,,,0.027,,,,0.011,0.009
2,100_0002_0040.JPG,-38.75222066,143.6701931,99.023,,,,,0.032,,,,0.013,0.011
2,100_0002_0041.JPG,-38.75243508,143.6703996,99.215,,,,,0.035,,,,0.015,0.012
2,100_0002_0042.JPG,-38.75264787,143.670604,99.116,,,,,0.036,,,,0.015,0.013
2,100_0002_0043.JPG,-38.75286165,143.670814,99.554,,,,,0.034,,,,0.015,0.012
2,100_0002_0044.JPG,-38.75307565,143.6710202,99.479,,,,,0.03,,,,0.014,0.01
2,100_0002_0045.JPG,-38.75325523,143.6711926,99.747,,,,,0.024,,,,0.011,0.009
2,100_0002_0046.JPG,-38.75354494,143.6712145,99.166,,,,,0.022,,,,0.009,0.008
2,100_0002_0047.JPG,-38.75366401,143.6712276,99.232,,,,,0.021,,,,0.009,0.008
2,100_0002_0048.JPG,-38.75392963,143.6712641,99.011,,,,,0.027,,,,0.013,0.009
2,100_0002_0049.JPG,-38.75399588,143.6712673,99.117,,,,,0.029,,,,0.013,0.01
2,100_0002_0050.JPG,-38.75376194,143.6710398,98.835,,,,,0.035,,,,0.015,0.012
2,100_0002_0051.JPG,-38.7535487,143.6708342,98.851,,,,,0.036,,,,0.015,0.013
2,100_0002_0052.JPG,-38.75333417,143.6706273,98.786,,,,,0.034,,,,0.014,0.012
2,100_0002_0053.JPG,-38.75312352,143.6704218,99.073,,,,,0.029,,,,0.012,0.01
2,100_0002_0054.JPG,-38.75290719,143.6702128,99.449,,,,,0.024,,,,0.01,0.008
2,100_0002_0055.JPG,-38.75269388,143.6700043,99.759,,,,,0.021,,,,0.01,0.007
2,100_0002_0056.JPG,-38.75248258,143.6697972,99.72,,,,,0.021,,,,0.009,0.008
2,100_0002_0057.JPG,-38.75234669,143.6696667,99.809,,,,,0.029,,,,0.013,0.009
2,100_0002_0058.JPG,-38.75264444,143.6696652,99.103,,,,,0.034,,,,0.015,0.012
2,100_0002_0059.JPG,-38.75291316,143.6696666,98.954,,,,,0.036,,,,0.015,0.013
2,100_0002_0060.JPG,-38.75302225,143.6696741,98.931,,,,,0.035,,,,0.015,0.013
2,100_0002_0061.JPG,-38.75325222,143.6698961,98.734,,,,,0.031,,,,0.013,0.011
2,100_0002_0062.JPG,-38.75346586,143.6701079,99.11,,,,,0.026,,,,0.011,0.009
2,100_0002_0063.JPG,-38.75367861,143.6703129,99.193,,,,,0.022,,,,0.011,0.008
2,100_0002_0064.JPG,-38.75389243,143.6705227,99.394,,,,,0.02,,,,0.01,0.007
2,100_0002_0065.JPG,-38.75410676,143.6707307,99.567,,,,,0.024,,,,0.01,0.008
2,100_0002_0066.JPG,-38.75431887,143.6709349,99.455,,,,,0.029,,,,0.013,0.011
2,100_0002_0067.JPG,-38.75453122,143.6711409,99.169,,,,,0.034,,,,0.015,0.012
2,100_0002_0068.JPG,-38.75472732,143.6713365,99.357,,,,,0.036,,,,0.016,0.013
2,100_0002_0069.JPG,-38.7547346,143.6713221,99.263,,,,,0.035,,,,0.015,0.013
2,100_0002_0070.JPG,-38.75479829,143.6709608,98.927,,,,,0.031,,,,0.013,0.011
2,100_0002_0071.JPG,-38.75482411,143.6707792,98.696,,,,,0.027,,,,0.012,0.01
2,100_0002_0072.JPG,-38.75458809,143.6705521,98.399,,,,,0.025,,,,0.011,0.008
2,100_0002_0073.JPG,-38.75437582,143.6703465,98.786,,,,,0.021,,,,0.01,0.008
2,100_0002_0074.JPG,-38.75416292,143.6701397,98.908,,,,,0.024,,,,0.011,0.009
2,100_0002_0075.JPG,-38.75394773,143.6699294,99.112,,,,,0.029,,,,0.012,0.011
2,100_0002_0076.JPG,-38.75376079,143.6697459,99.179,,,,,0.036,,,,0.016,0.012
2,100_0002_0077.JPG,-38.75405471,143.6697937,98.757,,,,,0.035,,,,0.015,0.012
2,100_0002_0078.JPG,-38.75431862,143.6698396,98.621,,,,,0.031,,,,0.013,0.011
2,100_0002_0079.JPG,-38.75457036,143.6698867,98.662,,,,,0.025,,,,0.011,0.009
2,100_0002_0080.JPG,-38.75461988,143.6699362,98.572,,,,,0.023,,,,0.012,0.008
2,100_0002_0081.JPG,-38.75480434,143.6701133,98.207,,,,,0.022,,,,0.01,0.008
2,100_0002_0082.JPG,-38.75492448,143.6702242,98.615,,,,,0.022,,,,0.009,0.008
2,100_0002_0083.JPG,-38.75492728,143.6701947,98.465,,,,,0.024,,,,0.01,0.008
2,100_0002_0084.JPG,-38.7547491,143.6704953,98.053,,,,,0.034,,,,0.014,0.012
2,100_0002_0085.JPG,-38.75458862,143.6707725,98.531,,,,,0.037,,,,0.015,0.013
2,100_0002_0086.JPG,-38.75442621,143.671044,98.923,,,,,0.037,,,,0.015,0.013
2,100_0002_0087.JPG,-38.75426752,143.6713202,99.689,,,,,0.035,,,,0.014,0.012
2,100_0002_0088.JPG,-38.75424627,143.6713223,99.677,,,,,0.031,,,,0.013,0.011
2,100_0002_0089.JPG,-38.75397428,143.6712758,98.028,,,,,0.025,,,,0.01,0.009
2,100_0002_0090.JPG,-38.75380374,143.6712502,98.595,,,,,0.024,,,,0.011,0.007
2,100_0002_0091.JPG,-38.75398302,143.6709451,98.651,,,,,0.027,,,,0.011,0.01
2,100_0002_0092.JPG,-38.75414398,143.6706707,98.72,,,,,0.034,,,,0.013,0.011
2,100_0002_0093.JPG,-38.75430645,143.6703948,98.823,,,,,0.037,,,,0.015,0.013
2,100_0002_0094.JPG,-38.75446777,143.6701186,98.792,,,,,0.038,,,,0.016,0.013
2,100_0002_0095.JPG,-38.75459758,143.6698893,98.796,,,,,0.034,,,,0.014,0.012
2,100_0002_0096.JPG,-38.7543067,143.6698318,98.457,,,,,0.026,,,,0.011,0.01
2,100_0002_0097.JPG,-38.75414205,143.6698139,99.143,,,,,0.022,,,,0.01,0.008
2,100_0002_0098.JPG,-38.75397233,143.6700989,98.026,,,,,0.023,,,,0.01,0.008
2,100_0002_0099.JPG,-38.75380718,143.6703776,98.849,,,,,0.028,,,,0.012,0.01
2,100_0002_0100.JPG,-38.75364606,143.6706526,99.211,,,,,0.034,,,,0.014,0.012
2,100_0002_0101.JPG,-38.75347627,143.6709441,100.11,,,,,0.037,,,,0.015,0.013
2,100_0002_0102.JPG,-38.75332523,143.6712056,100.697,,,,,0.04,,,,0.018,0.013
2,100_0002_0103.JPG,-38.75330555,143.6712053,100.487,,,,,0.037,,,,0.016,0.013
2,100_0002_0104.JPG,-38.75303105,143.6711724,98.808,,,,,0.03,,,,0.012,0.011
2,100_0002_0105.JPG,-38.752852,143.6711531,99.053,,,,,0.024,,,,0.01,0.009
2,100_0002_0106.JPG,-38.75303114,143.6708485,99.059,,,,,0.022,,,,0.009,0.008
2,100_0002_0107.JPG,-38.75318971,143.6705753,98.94,,,,,0.027,,,,0.012,0.01
2,100_0002_0108.JPG,-38.75335037,143.6702997,98.944,,,,,0.033,,,,0.013,0.011
2,100_0002_0109.JPG,-38.75351465,143.6700241,98.895,,,,,0.037,,,,0.015,0.013
2,100_0002_0110.JPG,-38.75367026,143.6697617,98.786,,,,,0.036,,,,0.015,0.013
2,100_0002_0111.JPG,-38.75368138,143.669734,98.74,,,,,0.035,,,,0.015,0.012
2,100_0002_0112.JPG,-38.75339369,143.6696967,98.339,,,,,0.029,,,,0.013,0.01
2,100_0002_0113.JPG,-38.75320472,143.6696967,99.19,,,,,0.024,,,,0.011,0.008
2,100_0002_0114.JPG,-38.75303356,143.6699841,97.776,,,,,0.021,,,,0.009,0.008
2,100_0002_0115.JPG,-38.7528666,143.6702647,98.316,,,,,0.023,,,,0.01,0.008
2,100_0002_0116.JPG,-38.75270992,143.6705306,98.715,,,,,0.028,,,,0.013,0.01
2,100_0002_0117.JPG,-38.75254599,143.6708097,99.211,,,,,0.031,,,,0.014,0.011
2,100_0002_0118.JPG,-38.75238248,143.6710897,99.679,,,,,0.036,,,,0.016,0.012
2,100_0002_0119.JPG,-38.75235719,143.6711248,99.917,,,,,0.035,,,,0.015,0.013
2,100_0002_0120.JPG,-38.75224118,143.6711076,99.039,,,,,0.032,,,,0.014,0.011
2,100_0002_0121.JPG,-38.75197936,143.6711774,97.796,,,,,0.027,,,,0.012,0.01
2,100_0002_0122.JPG,-38.75179203,143.6712374,98.321,,,,,0.022,,,,0.01,0.008
2,100_0002_0123.JPG,-38.75197069,143.6709327,98.46,,,,,0.021,,,,0.009,0.007
2,100_0002_0124.JPG,-38.75213153,143.6706603,98.575,,,,,0.024,,,,0.011,0.009
2,100_0002_0125.JPG,-38.75229236,143.6703869,98.495,,,,,0.029,,,,0.013,0.011
2,100_0002_0126.JPG,-38.75245553,143.6701104,98.648,,,,,0.034,,,,0.015,0.012
2,100_0002_0127.JPG,-38.75261772,143.6698343,98.733,,,,,0.036,,,,0.016,0.013
2,100_0002_0128.JPG,-38.7527214,143.6696501,98.478,,,,,0.034,,,,0.014,0.012
2,100_0002_0129.JPG,-38.75243408,143.6696421,97.962,,,,,0.027,,,,0.011,0.01
2,100_0002_0130.JPG,-38.75218911,143.6696922,99.52,,,,,0.021,,,,0.01,0.008
2,100_0002_0131.JPG,-38.75201704,143.6699785,98.806,,,,,0.023,,,,0.011,0.008
2,100_0002_0132.JPG,-38.75185435,143.6702662,99.182,,,,,0.028,,,,0.012,0.01
2,100_0002_0133.JPG,-38.75169285,143.6705404,99.475,,,,,0.033,,,,0.014,0.012
2,100_0002_0134.JPG,-38.7515347,143.6708078,99.07,,,,,0.034,,,,0.015,0.012
2,100_0002_0135.JPG,-38.75137076,143.6710833,98.715,,,,,0.034,,,,0.015,0.012
2,100_0002_0136.JPG,-38.75120996,143.6713596,99.044,,,,,0.031,,,,0.014,0.011
2,100_0002_0137.JPG,-38.75116339,143.6714317,99.357,,,,,0.029,,,,0.013,0.01
2,100_0002_0138.JPG,-38.75088991,143.6714958,97.828,,,,,0.021,,,,0.01,0.008
2,100_0002_0139.JPG,-38.75062623,143.6715837,98.582,,,,,0.022,,,,0.009,0.007
2,100_0002_0140.JPG,-38.75056851,143.6715974,98.912,,,,,0.021,,,,0.01,0.008
2,100_0002_0141.JPG,-38.75074749,143.6712943,98.43,,,,,0.028,,,,0.013,0.01
2,100_0002_0142.JPG,-38.750907,143.6710231,98.404,,,,,0.033,,,,0.014,0.012
2,100_0002_0143.JPG,-38.75106901,143.6707478,98.446,,,,,0.036,,,,0.015,0.013
2,100_0002_0144.JPG,-38.75123083,143.6704746,98.392,,,,,0.036,,,,0.015,0.013
2,100_0002_0145.JPG,-38.75139364,143.6702019,98.454,,,,,0.032,,,,0.014,0.012
2,100_0002_0146.JPG,-38.75155461,143.6699279,98.5,,,,,0.028,,,,0.012,0.01
2,100_0002_0147.JPG,-38.75163607,143.6697841,98.43,,,,,0.022,,,,0.01,0.008
2,100_0002_0148.JPG,-38.75134767,143.6698316,97.544,,,,,0.022,,,,0.011,0.008
2,100_0002_0149.JPG,-38.7510889,143.6698912,98.377,,,,,0.028,,,,0.012,0.01
2,100_0002_0150.JPG,-38.75106692,143.6699007,98.626,,,,,0.03,,,,0.013,0.011
2,100_0002_0151.JPG,-38.75089646,143.6701924,97.971,,,,,0.034,,,,0.015,0.012
2,100_0002_0152.JPG,-38.75073218,143.6704708,98.465,,,,,0.035,,,,0.015,0.013
2,100_0002_0153.JPG,-38.75057209,143.6707407,98.198,,,,,0.034,,,,0.016,0.012
2,100_0002_0154.JPG,-38.7504081,143.6710165,98.224,,,,,0.029,,,,0.013,0.011
2,100_0002_0155.JPG,-38.75028725,143.6712158,98.492,,,,,0.022,,,,0.011,0.009
2,100_0002_0156.JPG,-38.75022734,143.6708442,97.957,,,,,0.021,,,,0.009,0.007
2,100_0002_0157.JPG,-38.75018502,143.6705452,98.15,,,,,0.027,,,,0.013,0.01
2,100_0002_0158.JPG,-38.75036135,143.6702453,98.456,,,,,0.031,,,,0.014,0.011
3,100_0003_0001.JPG,-38.74505968,143.6730493,99.545,,,,,0.042,,,,0.019,0.016
3,100_0003_0002.JPG,-38.74518663,143.6727079,99.374,,,,,0.03,,,,0.014,0.012
3,100_0003_0003.JPG,-38.74523175,143.6725952,99.302,,,,,0.026,,,,0.013,0.01
3,100_0003_0004.JPG,-38.74548873,143.6724179,99.031,,,,,0.02,,,,0.011,0.008
3,100_0003_0005.JPG,-38.74565755,143.6722965,99,,,,,0.092,,,,0.04,0.033
3,100_0003_0006.JPG,-38.74582704,143.6721776,98.63,,,,,0.07,,,,0.03,0.026
3,100_0003_0007.JPG,-38.74569905,143.6725077,97.783,,,,,0.055,,,,0.024,0.02
3,100_0003_0008.JPG,-38.74558438,143.672832,98.637,,,,,0.046,,,,0.02,0.017
3,100_0003_0009.JPG,-38.74546826,143.6731455,99.711,,,,,0.045,,,,0.02,0.016
3,100_0003_0010.JPG,-38.74535342,143.6734557,99.767,,,,,0.031,,,,0.015,0.012
3,100_0003_0011.JPG,-38.74533156,143.6735407,99.574,,,,,0.026,,,,0.013,0.011
3,100_0003_0012.JPG,-38.74561844,143.6736315,98.143,,,,,0.019,,,,0.01,0.008
3,100_0003_0013.JPG,-38.74572346,143.673659,98.324,,,,,0.081,,,,0.034,0.031
3,100_0003_0014.JPG,-38.74585092,143.6733212,98.42,,,,,0.023,,,,0.011,0.009
3,100_0003_0015.JPG,-38.74596508,143.6730147,98.293,,,,,0.028,,,,0.013,0.011
3,100_0003_0016.JPG,-38.74608187,143.672702,98.098,,,,,0.031,,,,0.014,0.012
3,100_0003_0017.JPG,-38.74619749,143.6723912,98.246,,,,,0.034,,,,0.015,0.013
3,100_0003_0018.JPG,-38.74631316,143.6720825,98.313,,,,,0.031,,,,0.014,0.012
3,100_0003_0019.JPG,-38.74642759,143.6717761,98.108,,,,,0.026,,,,0.012,0.01
3,100_0003_0020.JPG,-38.74644883,143.6717287,98.138,,,,,0.024,,,,0.012,0.01
3,100_0003_0021.JPG,-38.7467021,143.671551,98.091,,,,,0.02,,,,0.01,0.008
3,100_0003_0022.JPG,-38.746936,143.6713837,98.273,,,,,0.018,,,,0.01,0.007
3,100_0003_0023.JPG,-38.74704767,143.6713116,98.051,,,,,0.021,,,,0.011,0.008
3,100_0003_0024.JPG,-38.74692626,143.6716431,97.413,,,,,0.029,,,,0.013,0.011
3,100_0003_0025.JPG,-38.74681107,143.6719605,97.88,,,,,0.031,,,,0.014,0.012
3,100_0003_0026.JPG,-38.7466928,143.6722817,98.463,,,,,0.032,,,,0.014,0.012
3,100_0003_0027.JPG,-38.74657895,143.6725871,98.654,,,,,0.029,,,,0.013,0.011
3,100_0003_0028.JPG,-38.74646335,143.6728983,98.814,,,,,0.024,,,,0.011,0.009
3,100_0003_0029.JPG,-38.74635032,143.6732005,99.006,,,,,0.02,,,,0.01,0.008
3,100_0003_0030.JPG,-38.74634537,143.6732256,98.993,,,,,0.018,,,,0.009,0.007
3,100_0003_0031.JPG,-38.74660574,143.6730351,98.298,,,,,0.02,,,,0.01,0.008
3,100_0003_0032.JPG,-38.74683548,143.6728655,98.302,,,,,0.025,,,,0.011,0.009
3,100_0003_0033.JPG,-38.74690791,143.6728129,98.277,,,,,0.026,,,,0.012,0.01
3,100_0003_0034.JPG,-38.74696679,143.6727636,98.183,,,,,0.028,,,,0.013,0.011
3,100_0003_0035.JPG,-38.74708084,143.6724374,98.112,,,,,0.031,,,,0.014,0.012
3,100_0003_0036.JPG,-38.74719595,143.6721283,98.117,,,,,0.031,,,,0.014,0.012
3,100_0003_0037.JPG,-38.74731185,143.6718177,98.146,,,,,0.032,,,,0.014,0.012
3,100_0003_0038.JPG,-38.74742772,143.6715064,98.202,,,,,0.024,,,,0.011,0.01
3,100_0003_0039.JPG,-38.74754342,143.6711962,98.207,,,,,0.02,,,,0.01,0.008
3,100_0003_0040.JPG,-38.74762039,143.6710001,98.105,,,,,0.018,,,,0.009,0.006
3,100_0003_0041.JPG,-38.74790047,143.6708909,97.795,,,,,0.021,,,,0.011,0.008
3,100_0003_0042.JPG,-38.7481326,143.6707953,98.428,,,,,0.027,,,,0.012,0.01
3,100_0003_0043.JPG,-38.74813167,143.6708056,98.434,,,,,0.028,,,,0.012,0.011
3,100_0003_0044.JPG,-38.74801269,143.6711283,97.688,,,,,0.031,,,,0.014,0.012
3,100_0003_0045.JPG,-38.74789345,143.6714446,98.23,,,,,0.03,,,,0.013,0.011
3,100_0003_0046.JPG,-38.74777614,143.6717557,98.694,,,,,0.027,,,,0.012,0.01
3,100_0003_0047.JPG,-38.74766094,143.6720673,98.735,,,,,0.021,,,,0.01,0.008
3,100_0003_0048.JPG,-38.7475495,143.6723718,98.649,,,,,0.019,,,,0.01,0.008
3,100_0003_0049.JPG,-38.74755821,143.6723704,98.522,,,,,0.018,,,,0.009,0.007
3,100_0003_0050.JPG,-38.7478167,143.6721885,97.568,,,,,0.023,,,,0.012,0.009
3,100_0003_0051.JPG,-38.74789814,143.6721349,97.604,,,,,0.025,,,,0.012,0.01
3,100_0003_0052.JPG,-38.7481114,143.672069,97.544,,,,,0.032,,,,0.015,0.012
3,100_0003_0053.JPG,-38.74823503,143.6717296,97.547,,,,,0.031,,,,0.014,0.012
3,100_0003_0054.JPG,-38.74835071,143.6714191,97.616,,,,,0.03,,,,0.013,0.012
3,100_0003_0055.JPG,-38.74846529,143.6711091,97.709,,,,,0.026,,,,0.013,0.01
3,100_0003_0056.JPG,-38.74858094,143.6707978,97.669,,,,,0.021,,,,0.01,0.008
3,100_0003_0057.JPG,-38.74863835,143.6706566,97.805,,,,,0.018,,,,0.01,0.007
3,100_0003_0058.JPG,-38.74892462,143.6705827,97.593,,,,,0.019,,,,0.009,0.008
3,100_0003_0059.JPG,-38.74912284,143.6705332,97.973,,,,,0.026,,,,0.012,0.01
3,100_0003_0060.JPG,-38.74899991,143.6708669,97.729,,,,,0.031,,,,0.014,0.012
3,100_0003_0061.JPG,-38.74888497,143.6711797,98.034,,,,,0.031,,,,0.014,0.012
3,100_0003_0062.JPG,-38.74877012,143.6714922,98.347,,,,,0.03,,,,0.013,0.011
3,100_0003_0063.JPG,-38.7486509,143.6718049,98.56,,,,,0.026,,,,0.012,0.01
3,100_0003_0064.JPG,-38.74860764,143.6719388,98.885,,,,,0.021,,,,0.01,0.008
3,100_0003_0065.JPG,-38.74890092,143.6718507,97.746,,,,,0.019,,,,0.01,0.007
3,100_0003_0066.JPG,-38.74910985,143.6717815,98.14,,,,,0.022,,,,0.011,0.008
3,100_0003_0067.JPG,-38.74923581,143.6714439,97.976,,,,,0.028,,,,0.013,0.011
3,100_0003_0068.JPG,-38.74935013,143.6711359,97.818,,,,,0.031,,,,0.014,0.012
3,100_0003_0069.JPG,-38.7494666,143.6708244,97.76,,,,,0.031,,,,0.014,0.012
3,100_0003_0070.JPG,-38.74958361,143.6705125,97.745,,,,,0.03,,,,0.013,0.011
3,100_0003_0071.JPG,-38.74963197,143.6703935,97.75,,,,,0.031,,,,0.015,0.011
3,100_0003_0072.JPG,-38.74992035,143.6703181,97.555,,,,,0.021,,,,0.01,0.008
3,100_0003_0073.JPG,-38.75011677,143.6702695,97.835,,,,,0.02,,,,0.01,0.007
3,100_0003_0074.JPG,-38.74999653,143.670601,97.313,,,,,0.024,,,,0.011,0.009
3,100_0003_0075.JPG,-38.74987758,143.6709186,97.969,,,,,0.028,,,,0.013,0.011
3,100_0003_0076.JPG,-38.74976407,143.6712285,98.175,,,,,0.031,,,,0.014,0.012
3,100_0003_0077.JPG,-38.74964831,143.6715369,98.331,,,,,0.031,,,,0.014,0.012
3,100_0003_0078.JPG,-38.7496097,143.671649,98.654,,,,,0.029,,,,0.013,0.012
3,100_0003_0079.JPG,-38.74990256,143.6715606,97.945,,,,,0.024,,,,0.011,0.009
3,100_0003_0080.JPG,-38.75011054,143.671491,98.159,,,,,0.018,,,,0.01,0.008
3,100_0003_0081.JPG,-38.75023739,143.6711488,98.16,,,,,0.019,,,,0.01,0.007
3,100_0003_0082.JPG,-38.7502964,143.6709786,98.07,,,,,0.025,,,,0.012,0.009
3,100_0003_0083.JPG,-38.7502445,143.6706185,97.825,,,,,0.028,,,,0.013,0.011
3,100_0003_0084.JPG,-38.750232,143.670552,97.539,,,,,0.03,,,,0.013,0.011
3,100_0003_0085.JPG,-38.74997361,143.6703888,97.378,,,,,0.033,,,,0.015,0.012
3,100_0003_0086.JPG,-38.74985667,143.6703328,97.821,,,,,0.03,,,,0.013,0.011
3,100_0003_0087.JPG,-38.74958456,143.67039,97.46,,,,,0.024,,,,0.012,0.009
3,100_0003_0088.JPG,-38.74931416,143.6704769,98.249,,,,,0.022,,,,0.011,0.008
3,100_0003_0089.JPG,-38.74922383,143.6705124,98.942,,,,,0.018,,,,0.009,0.007
3,100_0003_0090.JPG,-38.74949169,143.6706723,98.262,,,,,0.021,,,,0.011,0.009
3,100_0003_0091.JPG,-38.74973168,143.6708195,98.321,,,,,0.026,,,,0.012,0.01
3,100_0003_0092.JPG,-38.74997463,143.6709685,98.424,,,,,0.03,,,,0.014,0.011
3,100_0003_0093.JPG,-38.75021429,143.6711156,98.555,,,,,0.032,,,,0.015,0.012
3,100_0003_0094.JPG,-38.7503186,143.6711869,98.715,,,,,0.033,,,,0.015,0.012
3,100_0003_0095.JPG,-38.75008827,143.6714007,97.914,,,,,0.028,,,,0.013,0.01
3,100_0003_0096.JPG,-38.74995755,143.6715391,98.399,,,,,0.02,,,,0.01,0.008
3,100_0003_0097.JPG,-38.7497016,143.6713724,97.609,,,,,0.018,,,,0.01,0.008
3,100_0003_0098.JPG,-38.74945454,143.6712268,98.179,,,,,0.022,,,,0.011,0.008
3,100_0003_0099.JPG,-38.74921452,143.6710802,98.624,,,,,0.026,,,,0.013,0.01
3,100_0003_0100.JPG,-38.74897428,143.670933,98.942,,,,,0.031,,,,0.014,0.011
3,100_0003_0101.JPG,-38.7487337,143.6707862,99.051,,,,,0.034,,,,0.016,0.012
3,100_0003_0102.JPG,-38.74856222,143.6706854,99.091,,,,,0.032,,,,0.015,0.012
3,100_0003_0103.JPG,-38.74828683,143.6707501,98.531,,,,,0.026,,,,0.013,0.01
3,100_0003_0104.JPG,-38.74802015,143.670832,98.916,,,,,0.022,,,,0.011,0.008
3,100_0003_0105.JPG,-38.74793013,143.6708645,99.36,,,,,0.018,,,,0.01,0.008
3,100_0003_0106.JPG,-38.74819605,143.6710236,98.311,,,,,0.02,,,,0.01,0.008
3,100_0003_0107.JPG,-38.74843734,143.6711735,98.658,,,,,0.025,,,,0.012,0.009
3,100_0003_0108.JPG,-38.74867704,143.67132,98.47,,,,,0.029,,,,0.014,0.011
3,100_0003_0109.JPG,-38.74892128,143.6714675,98.339,,,,,0.032,,,,0.014,0.012
3,100_0003_0110.JPG,-38.74916254,143.6716148,98.326,,,,,0.032,,,,0.015,0.012
3,100_0003_0111.JPG,-38.74932517,143.67172,98.293,,,,,0.03,,,,0.014,0.011
3,100_0003_0112.JPG,-38.74904322,143.6717995,97.682,,,,,0.022,,,,0.011,0.008
3,100_0003_0113.JPG,-38.74878025,143.6718794,98.499,,,,,0.019,,,,0.009,0.007
3,100_0003_0114.JPG,-38.74868863,143.6719017,98.958,,,,,0.019,,,,0.01,0.008
3,100_0003_0115.JPG,-38.74843455,143.6717345,97.942,,,,,0.024,,,,0.012,0.009
3,100_0003_0116.JPG,-38.74819177,143.6715896,98.022,,,,,0.029,,,,0.014,0.011
3,100_0003_0117.JPG,-38.74795139,143.6714429,98.28,,,,,0.033,,,,0.015,0.012
3,100_0003_0118.JPG,-38.74771008,143.6712948,98.484,,,,,0.034,,,,0.015,0.012
3,100_0003_0119.JPG,-38.74746773,143.6711475,98.806,,,,,0.032,,,,0.015,0.012
3,100_0003_0120.JPG,-38.74740561,143.6711155,98.925,,,,,0.028,,,,0.013,0.011
3,100_0003_0121.JPG,-38.7471451,143.6712556,97.956,,,,,0.024,,,,0.012,0.009
3,100_0003_0122.JPG,-38.74693843,143.6713989,98.563,,,,,0.019,,,,0.01,0.007
3,100_0003_0123.JPG,-38.74720368,143.6715591,97.769,,,,,0.022,,,,0.011,0.009
3,100_0003_0124.JPG,-38.74744444,143.6717063,97.996,,,,,0.027,,,,0.013,0.01
3,100_0003_0125.JPG,-38.74768605,143.6718549,98.361,,,,,0.031,,,,0.014,0.011
3,100_0003_0126.JPG,-38.74792549,143.6720007,98.449,,,,,0.032,,,,0.015,0.012
3,100_0003_0127.JPG,-38.74805409,143.6720856,98.357,,,,,0.032,,,,0.015,0.012
3,100_0003_0128.JPG,-38.74786797,143.672145,97.685,,,,,0.025,,,,0.012,0.009
3,100_0003_0129.JPG,-38.74762689,143.6723072,97.722,,,,,0.021,,,,0.011,0.008
3,100_0003_0130.JPG,-38.74755985,143.672356,98.006,,,,,0.018,,,,0.009,0.007
3,100_0003_0131.JPG,-38.74730489,143.6721907,97.286,,,,,0.023,,,,0.011,0.009
3,100_0003_0132.JPG,-38.74706088,143.6720438,97.493,,,,,0.026,,,,0.013,0.01
3,100_0003_0133.JPG,-38.74682191,143.6718952,97.916,,,,,0.029,,,,0.014,0.011
3,100_0003_0134.JPG,-38.74658227,143.6717486,98.303,,,,,0.034,,,,0.015,0.012
3,100_0003_0135.JPG,-38.7464988,143.6717046,98.451,,,,,0.033,,,,0.015,0.012
3,100_0003_0136.JPG,-38.74624538,143.6718711,97.744,,,,,0.028,,,,0.013,0.011
3,100_0003_0137.JPG,-38.7460771,143.672014,98.306,,,,,0.022,,,,0.011,0.008
3,100_0003_0138.JPG,-38.74634317,143.672177,97.719,,,,,0.018,,,,0.009,0.007
3,100_0003_0139.JPG,-38.74658207,143.672324,98.193,,,,,0.02,,,,0.01,0.008
3,100_0003_0140.JPG,-38.74682343,143.6724699,98.207,,,,,0.025,,,,0.012,0.01
3,100_0003_0141.JPG,-38.74706443,143.6726186,98.073,,,,,0.029,,,,0.014,0.011
3,100_0003_0142.JPG,-38.74712148,143.6726576,98.01,,,,,0.032,,,,0.014,0.012
3,100_0003_0143.JPG,-38.74686924,143.672826,97.268,,,,,0.033,,,,0.015,0.012
3,100_0003_0144.JPG,-38.74680795,143.6728729,97.479,,,,,0.03,,,,0.014,0.011
3,100_0003_0145.JPG,-38.74668532,143.6729615,97.993,,,,,0.028,,,,0.013,0.01
3,100_0003_0146.JPG,-38.74643258,143.6727939,97.511,,,,,0.021,,,,0.011,0.008
3,100_0003_0147.JPG,-38.74618681,143.6726513,97.721,,,,,0.018,,,,0.01,0.008
3,100_0003_0148.JPG,-38.74594559,143.6725052,98.031,,,,,0.021,,,,0.011,0.008
3,100_0003_0149.JPG,-38.7457,143.6723562,98.699,,,,,0.026,,,,0.013,0.01
3,100_0003_0150.JPG,-38.74563257,143.6723206,98.983,,,,,0.028,,,,0.013,0.011
3,100_0003_0151.JPG,-38.74537884,143.6724906,98.036,,,,,0.033,,,,0.015,0.012
3,100_0003_0152.JPG,-38.7452113,143.6726284,98.405,,,,,0.031,,,,0.014,0.012
3,100_0003_0153.JPG,-38.74547785,143.6727908,97.505,,,,,0.025,,,,0.012,0.01
3,100_0003_0154.JPG,-38.74571801,143.6729363,97.648,,,,,0.021,,,,0.011,0.008
3,100_0003_0155.JPG,-38.74596171,143.6730842,97.753,,,,,0.018,,,,0.01,0.007
3,100_0003_0156.JPG,-38.74620146,143.6732312,97.958,,,,,0.02,,,,0.01,0.007
3,100_0003_0157.JPG,-38.74626233,143.6732733,97.694,,,,,0.025,,,,0.012,0.009
3,100_0003_0158.JPG,-38.7460126,143.6734454,97.316,,,,,0.03,,,,0.014,0.011
3,100_0003_0159.JPG,-38.74583536,143.6735843,97.899,,,,,0.033,,,,0.015,0.012
3,100_0003_0160.JPG,-38.74558007,143.6734188,97.066,,,,,0.031,,,,0.014,0.011
3,100_0003_0161.JPG,-38.74533488,143.6732743,97.585,,,,,0.026,,,,0.013,0.01
4,100_0004_0001.JPG,-38.74032721,143.6774546,100.339,,,,,0.02,,,,0.011,0.008
4,100_0004_0002.JPG,-38.74038561,143.6770744,100.047,,,,,0.076,,,,0.034,0.03
4,100_0004_0003.JPG,-38.74043376,143.6767502,99.751,,,,,0.068,,,,0.031,0.028
4,100_0004_0004.JPG,-38.74044751,143.6766922,99.629,,,,,0.064,,,,0.029,0.025
4,100_0004_0005.JPG,-38.74069037,143.6764686,99.199,,,,,0.053,,,,0.025,0.021
4,100_0004_0006.JPG,-38.74090212,143.6762705,99.184,,,,,0.046,,,,0.021,0.018
4,100_0004_0007.JPG,-38.74107849,143.6761106,99.292,,,,,0.036,,,,0.017,0.015
4,100_0004_0008.JPG,-38.74103783,143.6764701,98.828,,,,,0.023,,,,0.012,0.01
4,100_0004_0009.JPG,-38.74098352,143.6768082,99.068,,,,,0.018,,,,0.011,0.008
4,100_0004_0010.JPG,-38.74092983,143.6771453,99.484,,,,,0.077,,,,0.035,0.03
4,100_0004_0011.JPG,-38.74087854,143.6774837,99.492,,,,,0.071,,,,0.037,0.028
4,100_0004_0012.JPG,-38.74082648,143.6778227,99.685,,,,,0.06,,,,0.027,0.026
4,100_0004_0013.JPG,-38.7407686,143.6781481,99.919,,,,,0.05,,,,0.024,0.021
4,100_0004_0014.JPG,-38.74077234,143.6781552,99.909,,,,,0.046,,,,0.022,0.018
4,100_0004_0015.JPG,-38.74101822,143.6779289,99.135,,,,,0.035,,,,0.016,0.014
4,100_0004_0016.JPG,-38.7412338,143.6777289,99.178,,,,,0.031,,,,0.015,0.012
4,100_0004_0017.JPG,-38.74140907,143.677559,99.373,,,,,0.02,,,,0.011,0.009
4,100_0004_0018.JPG,-38.74146579,143.6771861,99.474,,,,,0.017,,,,0.009,0.008
4,100_0004_0019.JPG,-38.74151582,143.6768529,99.412,,,,,0.019,,,,0.01,0.007
4,100_0004_0020.JPG,-38.74156739,143.6765155,99.443,,,,,0.023,,,,0.011,0.009
4,100_0004_0021.JPG,-38.74161797,143.676178,99.277,,,,,0.027,,,,0.013,0.011
4,100_0004_0022.JPG,-38.74166935,143.6758415,98.921,,,,,0.03,,,,0.014,0.012
4,100_0004_0023.JPG,-38.74171707,143.6755233,98.987,,,,,0.032,,,,0.015,0.013
4,100_0004_0024.JPG,-38.74172993,143.675495,99.078,,,,,0.031,,,,0.015,0.013
4,100_0004_0025.JPG,-38.74196749,143.675276,98.901,,,,,0.028,,,,0.013,0.011
4,100_0004_0026.JPG,-38.74218,143.6750771,98.918,,,,,0.024,,,,0.012,0.01
4,100_0004_0027.JPG,-38.74235554,143.67492,99.134,,,,,0.018,,,,0.01,0.008
4,100_0004_0028.JPG,-38.74231071,143.6752773,98.517,,,,,0.019,,,,0.01,0.008
4,100_0004_0029.JPG,-38.74225344,143.6756169,98.876,,,,,0.024,,,,0.012,0.01
4,100_0004_0030.JPG,-38.74220152,143.6759567,99.218,,,,,0.029,,,,0.014,0.011
4,100_0004_0031.JPG,-38.74215015,143.6762892,99.354,,,,,0.031,,,,0.015,0.012
4,100_0004_0032.JPG,-38.74209825,143.6766298,99.407,,,,,0.031,,,,0.014,0.012
4,100_0004_0033.JPG,-38.74205447,143.6769135,99.31,,,,,0.026,,,,0.013,0.011
4,100_0004_0034.JPG,-38.74229113,143.6766764,98.651,,,,,0.019,,,,0.01,0.008
4,100_0004_0035.JPG,-38.74250074,143.676464,98.853,,,,,0.017,,,,0.009,0.007
4,100_0004_0036.JPG,-38.7426288,143.6763379,98.898,,,,,0.017,,,,0.01,0.007
4,100_0004_0037.JPG,-38.74269989,143.6762783,98.808,,,,,0.019,,,,0.01,0.009
4,100_0004_0038.JPG,-38.74275291,143.6759093,98.676,,,,,0.026,,,,0.013,0.01
4,100_0004_0039.JPG,-38.74280267,143.6755768,98.85,,,,,0.029,,,,0.014,0.012
4,100_0004_0040.JPG,-38.74285452,143.675238,98.954,,,,,0.032,,,,0.016,0.013
4,100_0004_0041.JPG,-38.74290652,143.6748993,98.901,,,,,0.031,,,,0.015,0.012
4,100_0004_0042.JPG,-38.74295783,143.6745651,98.898,,,,,0.029,,,,0.015,0.012
4,100_0004_0043.JPG,-38.74300519,143.6742799,98.944,,,,,0.024,,,,0.012,0.01
4,100_0004_0044.JPG,-38.74324983,143.674062,98.89,,,,,0.019,,,,0.011,0.008
4,100_0004_0045.JPG,-38.74346355,143.6738668,99.043,,,,,0.018,,,,0.011,0.007
4,100_0004_0046.JPG,-38.7436299,143.6737222,99.026,,,,,0.022,,,,0.012,0.009
4,100_0004_0047.JPG,-38.74357892,143.6740776,98.495,,,,,0.029,,,,0.014,0.011
4,100_0004_0048.JPG,-38.74352991,143.6744208,98.812,,,,,0.031,,,,0.015,0.012
4,100_0004_0049.JPG,-38.74348114,143.6747585,98.961,,,,,0.03,,,,0.014,0.012
4,100_0004_0050.JPG,-38.74342334,143.6750996,99.421,,,,,0.027,,,,0.013,0.011
4,100_0004_0051.JPG,-38.74337423,143.6754358,99.664,,,,,0.022,,,,0.011,0.009
4,100_0004_0052.JPG,-38.74332104,143.6757722,99.747,,,,,0.018,,,,0.01,0.008
4,100_0004_0053.JPG,-38.74332078,143.6758057,99.734,,,,,0.017,,,,0.011,0.007
4,100_0004_0054.JPG,-38.74357692,143.6756048,99.171,,,,,0.021,,,,0.011,0.009
4,100_0004_0055.JPG,-38.74380482,143.675425,99.16,,,,,0.025,,,,0.012,0.01
4,100_0004_0056.JPG,-38.74394002,143.6753112,99.14,,,,,0.029,,,,0.014,0.012
4,100_0004_0057.JPG,-38.74399812,143.6749388,99.069,,,,,0.032,,,,0.016,0.012
4,100_0004_0058.JPG,-38.74404898,143.6746069,99.011,,,,,0.032,,,,0.017,0.012
4,100_0004_0059.JPG,-38.74410071,143.6742686,99.223,,,,,0.028,,,,0.013,0.011
4,100_0004_0060.JPG,-38.74415204,143.6739324,99.389,,,,,0.023,,,,0.012,0.01
4,100_0004_0061.JPG,-38.74420249,143.673593,99.39,,,,,0.019,,,,0.01,0.009
4,100_0004_0062.JPG,-38.74424658,143.6732812,99.429,,,,,0.018,,,,0.011,0.007
4,100_0004_0063.JPG,-38.74426446,143.6732604,99.432,,,,,0.017,,,,0.01,0.007
4,100_0004_0064.JPG,-38.74451171,143.6730822,99.163,,,,,0.022,,,,0.011,0.009
4,100_0004_0065.JPG,-38.74474387,143.6729147,99.547,,,,,0.026,,,,0.013,0.01
4,100_0004_0066.JPG,-38.74485967,143.6728353,99.554,,,,,0.03,,,,0.014,0.012
4,100_0004_0067.JPG,-38.7448118,143.6731938,98.748,,,,,0.031,,,,0.014,0.012
4,100_0004_0068.JPG,-38.744758,143.6735369,99.155,,,,,0.028,,,,0.013,0.011
4,100_0004_0069.JPG,-38.74470474,143.6738784,99.406,,,,,0.023,,,,0.012,0.009
4,100_0004_0070.JPG,-38.74465394,143.6742119,99.411,,,,,0.019,,,,0.011,0.008
4,100_0004_0071.JPG,-38.74459854,143.6745507,99.374,,,,,0.017,,,,0.01,0.008
4,100_0004_0072.JPG,-38.74455883,143.6748403,99.52,,,,,0.021,,,,0.011,0.009
4,100_0004_0073.JPG,-38.74481917,143.6746352,98.969,,,,,0.028,,,,0.013,0.011
4,100_0004_0074.JPG,-38.74504584,143.6744565,98.971,,,,,0.03,,,,0.014,0.012
4,100_0004_0075.JPG,-38.74518113,143.6743431,99.088,,,,,0.031,,,,0.015,0.012
4,100_0004_0076.JPG,-38.74523978,143.6739705,98.98,,,,,0.028,,,,0.014,0.011
4,100_0004_0077.JPG,-38.74529144,143.6736392,98.778,,,,,0.025,,,,0.012,0.01
4,100_0004_0078.JPG,-38.74530399,143.6735304,98.73,,,,,0.022,,,,0.011,0.009
4,100_0004_0079.JPG,-38.74519137,143.6731868,98.672,,,,,0.017,,,,0.009,0.007
4,100_0004_0080.JPG,-38.74515215,143.6730882,98.624,,,,,0.017,,,,0.009,0.007
4,100_0004_0081.JPG,-38.74487598,143.6729939,98.52,,,,,0.023,,,,0.011,0.009
4,100_0004_0082.JPG,-38.74466367,143.6729712,99.251,,,,,0.027,,,,0.013,0.011
4,100_0004_0083.JPG,-38.74441414,143.6731241,98.723,,,,,0.031,,,,0.015,0.012
4,100_0004_0084.JPG,-38.74418168,143.6733016,99.187,,,,,0.03,,,,0.014,0.012
4,100_0004_0085.JPG,-38.74395866,143.6734821,100.214,,,,,0.026,,,,0.013,0.011
4,100_0004_0086.JPG,-38.74395747,143.6734911,100.315,,,,,0.025,,,,0.013,0.01
4,100_0004_0087.JPG,-38.74425086,143.673562,99.546,,,,,0.018,,,,0.01,0.007
4,100_0004_0088.JPG,-38.74451281,143.673629,99.651,,,,,0.017,,,,0.01,0.007
4,100_0004_0089.JPG,-38.74477672,143.6736953,99.628,,,,,0.019,,,,0.01,0.008
4,100_0004_0090.JPG,-38.7450396,143.6737609,99.7,,,,,0.024,,,,0.012,0.01
4,100_0004_0091.JPG,-38.74529994,143.673826,99.656,,,,,0.028,,,,0.015,0.011
4,100_0004_0092.JPG,-38.74540347,143.6738573,99.443,,,,,0.03,,,,0.015,0.012
4,100_0004_0093.JPG,-38.74522589,143.6741371,98.792,,,,,0.03,,,,0.014,0.012
4,100_0004_0094.JPG,-38.74505905,143.674415,99.361,,,,,0.026,,,,0.013,0.011
4,100_0004_0095.JPG,-38.74502583,143.6744624,99.526,,,,,0.023,,,,0.012,0.01
4,100_0004_0096.JPG,-38.74475111,143.6743738,98.424,,,,,0.018,,,,0.009,0.007
4,100_0004_0097.JPG,-38.74447929,143.6743208,98.544,,,,,0.017,,,,0.01,0.008
4,100_0004_0098.JPG,-38.74421577,143.6742549,99.044,,,,,0.021,,,,0.011,0.009
4,100_0004_0099.JPG,-38.74395456,143.6741898,99.377,,,,,0.025,,,,0.013,0.01
4,100_0004_0100.JPG,-38.74369019,143.6741232,99.929,,,,,0.029,,,,0.015,0.011
4,100_0004_0101.JPG,-38.74342739,143.6740569,100.309,,,,,0.031,,,,0.015,0.012
4,100_0004_0102.JPG,-38.74327283,143.6740239,100.473,,,,,0.031,,,,0.015,0.012
4,100_0004_0103.JPG,-38.74304328,143.6742298,98.858,,,,,0.026,,,,0.013,0.011
4,100_0004_0104.JPG,-38.74282815,143.6744468,99.251,,,,,0.022,,,,0.011,0.008
4,100_0004_0105.JPG,-38.74271093,143.6745812,99.999,,,,,0.018,,,,0.01,0.008
4,100_0004_0106.JPG,-38.74300403,143.6746512,99.158,,,,,0.019,,,,0.01,0.008
4,100_0004_0107.JPG,-38.74326605,143.6747178,99.26,,,,,0.023,,,,0.012,0.009
4,100_0004_0108.JPG,-38.74352771,143.6747836,99.265,,,,,0.027,,,,0.013,0.011
4,100_0004_0109.JPG,-38.74379183,143.6748484,99.345,,,,,0.032,,,,0.018,0.012
4,100_0004_0110.JPG,-38.74405474,143.6749128,99.409,,,,,0.031,,,,0.015,0.012
4,100_0004_0111.JPG,-38.74431106,143.6749783,99.651,,,,,0.03,,,,0.014,0.012
4,100_0004_0112.JPG,-38.74435038,143.6749906,99.351,,,,,0.028,,,,0.013,0.011
4,100_0004_0113.JPG,-38.7441045,143.6751765,98.654,,,,,0.021,,,,0.011,0.009
4,100_0004_0114.JPG,-38.74387415,143.6753654,99.14,,,,,0.017,,,,0.01,0.007
4,100_0004_0115.JPG,-38.74366947,143.6755266,99.452,,,,,0.018,,,,0.01,0.008
4,100_0004_0116.JPG,-38.74339888,143.6754317,98.454,,,,,0.024,,,,0.012,0.01
4,100_0004_0117.JPG,-38.74312313,143.6753825,98.575,,,,,0.028,,,,0.014,0.011
4,100_0004_0118.JPG,-38.74285924,143.6753185,99.471,,,,,0.03,,,,0.015,0.012
4,100_0004_0119.JPG,-38.74259847,143.6752516,100.041,,,,,0.031,,,,0.015,0.012
4,100_0004_0120.JPG,-38.74233422,143.6751872,100.386,,,,,0.029,,,,0.014,0.012
4,100_0004_0121.JPG,-38.74211883,143.6751378,100.316,,,,,0.024,,,,0.012,0.01
4,100_0004_0122.JPG,-38.74188979,143.6753428,98.782,,,,,0.017,,,,0.01,0.008
4,100_0004_0123.JPG,-38.74167001,143.675551,99.164,,,,,0.017,,,,0.01,0.008
4,100_0004_0124.JPG,-38.74154054,143.6756913,99.748,,,,,0.021,,,,0.011,0.009
4,100_0004_0125.JPG,-38.74183073,143.6757607,99.218,,,,,0.027,,,,0.013,0.011
4,100_0004_0126.JPG,-38.74209184,143.6758275,99.384,,,,,0.03,,,,0.014,0.012
4,100_0004_0127.JPG,-38.74235633,143.6758928,99.361,,,,,0.031,,,,0.015,0.012
4,100_0004_0128.JPG,-38.74262096,143.6759576,99.346,,,,,0.029,,,,0.014,0.012
4,100_0004_0129.JPG,-38.74288478,143.6760235,99.332,,,,,0.026,,,,0.013,0.011
4,100_0004_0130.JPG,-38.74299292,143.6760545,99.216,,,,,0.022,,,,0.011,0.009
4,100_0004_0131.JPG,-38.74274475,143.6762356,98.454,,,,,0.017,,,,0.01,0.008
4,100_0004_0132.JPG,-38.74258849,143.6763697,98.889,,,,,0.018,,,,0.01,0.007
4,100_0004_0133.JPG,-38.7423851,143.6765899,99.674,,,,,0.023,,,,0.012,0.01
4,100_0004_0134.JPG,-38.74236394,143.6766023,99.785,,,,,0.025,,,,0.012,0.01
4,100_0004_0135.JPG,-38.74209153,143.6765105,98.988,,,,,0.029,,,,0.014,0.012
4,100_0004_0136.JPG,-38.74181811,143.6764589,99.266,,,,,0.031,,,,0.015,0.012
4,100_0004_0137.JPG,-38.74155482,143.6763932,99.72,,,,,0.03,,,,0.014,0.012
4,100_0004_0138.JPG,-38.74129338,143.6763275,100.045,,,,,0.027,,,,0.013,0.011
4,100_0004_0139.JPG,-38.74103239,143.6762623,100.235,,,,,0.023,,,,0.012,0.01
4,100_0004_0140.JPG,-38.7409383,143.6762443,100.29,,,,,0.019,,,,0.011,0.008
4,100_0004_0141.JPG,-38.74070524,143.6764462,99.013,,,,,0.017,,,,0.009,0.008
4,100_0004_0142.JPG,-38.74048709,143.6766587,99.189,,,,,0.021,,,,0.011,0.009
4,100_0004_0143.JPG,-38.74035797,143.6767965,99.446,,,,,0.026,,,,0.013,0.011
4,100_0004_0144.JPG,-38.74064946,143.6768652,98.369,,,,,0.03,,,,0.015,0.012
4,100_0004_0145.JPG,-38.74091387,143.6769306,98.761,,,,,0.031,,,,0.015,0.012
4,100_0004_0146.JPG,-38.74117559,143.6769955,98.981,,,,,0.029,,,,0.014,0.012
4,100_0004_0147.JPG,-38.74143944,143.677061,99.262,,,,,0.026,,,,0.013,0.01
4,100_0004_0148.JPG,-38.74170053,143.6771259,99.527,,,,,0.022,,,,0.011,0.009
4,100_0004_0149.JPG,-38.74180814,143.6771588,99.255,,,,,0.018,,,,0.01,0.008
4,100_0004_0150.JPG,-38.74158028,143.6773803,98.466,,,,,0.019,,,,0.01,0.007
4,100_0004_0151.JPG,-38.74136858,143.6775971,98.988,,,,,0.023,,,,0.012,0.009
4,100_0004_0152.JPG,-38.74124896,143.6777215,99.575,,,,,0.027,,,,0.013,0.011
4,100_0004_0153.JPG,-38.74097277,143.677634,98.284,,,,,0.03,,,,0.015,0.012
4,100_0004_0154.JPG,-38.74070281,143.6775791,98.505,,,,,0.03,,,,0.015,0.012
4,100_0004_0155.JPG,-38.74044074,143.6775146,99.187,,,,,0.028,,,,0.014,0.011
5,100_0005_0001.JPG,-38.73600686,143.6828707,100.532,,,,,0.067,,,,0.042,0.026
5,100_0005_0002.JPG,-38.7360385,143.6832542,100.38,,,,,0.055,,,,0.033,0.021
5,100_0005_0003.JPG,-38.7360675,143.6835917,100.15,,,,,0.047,,,,0.028,0.018
5,100_0005_0004.JPG,-38.73607931,143.6836705,100.1,,,,,0.041,,,,0.025,0.015
5,100_0005_0005.JPG,-38.73631467,143.6838957,100.121,,,,,0.031,,,,0.018,0.011
5,100_0005_0006.JPG,-38.7365287,143.6841005,100.022,,,,,0.025,,,,0.014,0.009
5,100_0005_0007.JPG,-38.73665852,143.6842167,99.963,,,,,0.021,,,,0.012,0.008
5,100_0005_0008.JPG,-38.73662842,143.683842,99.325,,,,,0.077,,,,0.051,0.029
5,100_0005_0009.JPG,-38.73659696,143.683497,99.535,,,,,0.07,,,,0.045,0.026
5,100_0005_0010.JPG,-38.73656908,143.683159,99.581,,,,,0.061,,,,0.04,0.023
5,100_0005_0011.JPG,-38.73653942,143.6828162,99.554,,,,,0.054,,,,0.035,0.02
5,100_0005_0012.JPG,-38.7365106,143.6824769,99.746,,,,,0.047,,,,0.029,0.017
5,100_0005_0013.JPG,-38.73649031,143.6822088,100.217,,,,,0.038,,,,0.023,0.014
5,100_0005_0014.JPG,-38.73669443,143.681939,99.172,,,,,0.029,,,,0.016,0.01
5,100_0005_0015.JPG,-38.7368803,143.6816804,99.143,,,,,0.024,,,,0.013,0.009
5,100_0005_0016.JPG,-38.73697285,143.6815654,99.516,,,,,0.086,,,,0.058,0.032
5,100_0005_0017.JPG,-38.73700634,143.6819436,99.338,,,,,0.075,,,,0.049,0.028
5,100_0005_0018.JPG,-38.73703606,143.682285,99.205,,,,,0.03,,,,0.018,0.011
5,100_0005_0019.JPG,-38.73706574,143.6826253,99.216,,,,,0.033,,,,0.021,0.012
5,100_0005_0020.JPG,-38.73709517,143.6829697,99.311,,,,,0.035,,,,0.022,0.013
5,100_0005_0021.JPG,-38.73712514,143.6833131,99.312,,,,,0.036,,,,0.022,0.013
5,100_0005_0022.JPG,-38.73715114,143.6836188,99.335,,,,,0.031,,,,0.019,0.011
5,100_0005_0023.JPG,-38.73716134,143.6836097,99.302,,,,,0.03,,,,0.018,0.011
5,100_0005_0024.JPG,-38.73735438,143.6833293,99.133,,,,,0.023,,,,0.013,0.008
5,100_0005_0025.JPG,-38.7375285,143.6830702,99.254,,,,,0.022,,,,0.011,0.008
5,100_0005_0026.JPG,-38.73763259,143.6829061,99.25,,,,,0.025,,,,0.013,0.008
5,100_0005_0027.JPG,-38.73759981,143.6825349,98.653,,,,,0.029,,,,0.017,0.01
5,100_0005_0028.JPG,-38.73757057,143.6821904,98.521,,,,,0.037,,,,0.02,0.014
5,100_0005_0029.JPG,-38.73754118,143.6818513,98.812,,,,,0.035,,,,0.022,0.013
5,100_0005_0030.JPG,-38.73751198,143.6815078,99.11,,,,,0.036,,,,0.022,0.013
5,100_0005_0031.JPG,-38.73748247,143.6811685,99.291,,,,,0.036,,,,0.021,0.013
5,100_0005_0032.JPG,-38.73746106,143.6808887,99.911,,,,,0.031,,,,0.02,0.011
5,100_0005_0033.JPG,-38.73766431,143.6806173,99.127,,,,,0.023,,,,0.013,0.008
5,100_0005_0034.JPG,-38.73784776,143.6803637,99.239,,,,,0.02,,,,0.011,0.008
5,100_0005_0035.JPG,-38.73794027,143.6802466,99.535,,,,,0.022,,,,0.012,0.008
5,100_0005_0036.JPG,-38.7379748,143.6806223,99.36,,,,,0.032,,,,0.017,0.011
5,100_0005_0037.JPG,-38.73800301,143.6809636,99.273,,,,,0.035,,,,0.02,0.012
5,100_0005_0038.JPG,-38.73803249,143.6813061,99.159,,,,,0.038,,,,0.022,0.013
5,100_0005_0039.JPG,-38.73806218,143.6816472,99.044,,,,,0.041,,,,0.022,0.014
5,100_0005_0040.JPG,-38.73809107,143.6819897,99.202,,,,,0.038,,,,0.021,0.013
5,100_0005_0041.JPG,-38.73811274,143.6821944,99.333,,,,,0.072,,,,0.017,0.031
5,100_0005_0042.JPG,-38.73831005,143.6819062,98.743,,,,,0.034,,,,0.013,0.014
5,100_0005_0043.JPG,-38.73848513,143.6816457,98.677,,,,,0.027,,,,0.012,0.011
5,100_0005_0044.JPG,-38.7385893,143.6814825,99.076,,,,,0.027,,,,0.014,0.009
5,100_0005_0045.JPG,-38.73855784,143.6811093,98.74,,,,,0.039,,,,0.018,0.012
5,100_0005_0046.JPG,-38.73852667,143.680766,98.689,,,,,0.037,,,,0.019,0.013
5,100_0005_0047.JPG,-38.73849725,143.6804226,98.876,,,,,0.039,,,,0.02,0.014
5,100_0005_0048.JPG,-38.738468,143.6800833,99.086,,,,,0.038,,,,0.019,0.014
5,100_0005_0049.JPG,-38.73843807,143.6797408,99.15,,,,,0.036,,,,0.017,0.013
5,100_0005_0050.JPG,-38.73842728,143.6795698,99.362,,,,,0.03,,,,0.015,0.01
5,100_0005_0051.JPG,-38.73863054,143.6792982,98.724,,,,,0.022,,,,0.012,0.008
5,100_0005_0052.JPG,-38.73881484,143.6790453,98.618,,,,,0.02,,,,0.011,0.008
5,100_0005_0053.JPG,-38.73890766,143.6789285,98.431,,,,,0.022,,,,0.012,0.008
5,100_0005_0054.JPG,-38.73894225,143.6793048,98.401,,,,,0.031,,,,0.015,0.011
5,100_0005_0055.JPG,-38.73897212,143.6796468,98.555,,,,,0.035,,,,0.017,0.013
5,100_0005_0056.JPG,-38.73900242,143.6799904,98.614,,,,,0.037,,,,0.018,0.014
5,100_0005_0057.JPG,-38.7390315,143.6803318,98.957,,,,,0.037,,,,0.018,0.013
5,100_0005_0058.JPG,-38.7390605,143.6806705,99.074,,,,,0.033,,,,0.017,0.012
5,100_0005_0059.JPG,-38.73907293,143.6807734,99.125,,,,,0.029,,,,0.015,0.011
5,100_0005_0060.JPG,-38.73926879,143.680488,98.521,,,,,0.021,,,,0.011,0.008
5,100_0005_0061.JPG,-38.7394444,143.6802273,98.412,,,,,0.019,,,,0.01,0.007
5,100_0005_0062.JPG,-38.73954794,143.6800635,98.452,,,,,0.023,,,,0.012,0.008
5,100_0005_0063.JPG,-38.73951481,143.6796901,97.952,,,,,0.03,,,,0.015,0.011
5,100_0005_0064.JPG,-38.73948416,143.679346,98.121,,,,,0.035,,,,0.017,0.013
5,100_0005_0065.JPG,-38.73945498,143.6790076,98.135,,,,,0.037,,,,0.018,0.013
5,100_0005_0066.JPG,-38.73942628,143.6786648,98.283,,,,,0.037,,,,0.018,0.013
5,100_0005_0067.JPG,-38.73939575,143.6783292,98.512,,,,,0.034,,,,0.017,0.012
5,100_0005_0068.JPG,-38.73939292,143.6782565,98.753,,,,,0.031,,,,0.016,0.012
5,100_0005_0069.JPG,-38.73959642,143.6779816,98.275,,,,,0.023,,,,0.012,0.008
5,100_0005_0070.JPG,-38.7397798,143.6777297,98.435,,,,,0.02,,,,0.01,0.007
5,100_0005_0071.JPG,-38.73987247,143.6776122,98.923,,,,,0.022,,,,0.011,0.008
5,100_0005_0072.JPG,-38.73990629,143.6779899,98.566,,,,,0.029,,,,0.014,0.01
5,100_0005_0073.JPG,-38.73993499,143.6783319,98.585,,,,,0.034,,,,0.017,0.012
5,100_0005_0074.JPG,-38.7399643,143.6786729,98.645,,,,,0.037,,,,0.018,0.013
5,100_0005_0075.JPG,-38.73999368,143.6790159,98.85,,,,,0.037,,,,0.018,0.013
5,100_0005_0076.JPG,-38.74002042,143.6793358,98.922,,,,,0.034,,,,0.017,0.012
5,100_0005_0077.JPG,-38.74002615,143.6793517,98.742,,,,,0.032,,,,0.016,0.012
5,100_0005_0078.JPG,-38.74022254,143.6790674,98.243,,,,,0.024,,,,0.012,0.009
5,100_0005_0079.JPG,-38.74039984,143.6788059,98.225,,,,,0.02,,,,0.01,0.008
5,100_0005_0080.JPG,-38.74050329,143.6786427,98.309,,,,,0.02,,,,0.011,0.008
5,100_0005_0081.JPG,-38.74047235,143.6782697,97.573,,,,,0.027,,,,0.013,0.009
5,100_0005_0082.JPG,-38.74044336,143.6779551,97.968,,,,,0.034,,,,0.016,0.012
5,100_0005_0083.JPG,-38.7404148,143.6779273,98.083,,,,,0.036,,,,0.017,0.013
5,100_0005_0084.JPG,-38.74025468,143.6777514,98.234,,,,,0.039,,,,0.018,0.014
5,100_0005_0085.JPG,-38.73996649,143.6777937,97.815,,,,,0.038,,,,0.017,0.013
5,100_0005_0086.JPG,-38.7397123,143.6778332,98.356,,,,,0.032,,,,0.015,0.011
5,100_0005_0087.JPG,-38.73969081,143.6778538,98.399,,,,,0.029,,,,0.014,0.01
5,100_0005_0088.JPG,-38.73950032,143.6781103,97.777,,,,,0.022,,,,0.011,0.008
5,100_0005_0089.JPG,-38.73931604,143.6783638,98.079,,,,,0.02,,,,0.011,0.008
5,100_0005_0090.JPG,-38.73914754,143.6785953,98.393,,,,,0.025,,,,0.012,0.009
5,100_0005_0091.JPG,-38.73914784,143.6786032,98.33,,,,,0.027,,,,0.013,0.009
5,100_0005_0092.JPG,-38.73944169,143.678563,98.22,,,,,0.037,,,,0.017,0.013
5,100_0005_0093.JPG,-38.73971117,143.6785244,98.338,,,,,0.04,,,,0.018,0.014
5,100_0005_0094.JPG,-38.73997545,143.6784885,98.484,,,,,0.041,,,,0.019,0.014
5,100_0005_0095.JPG,-38.74024113,143.6784508,98.616,,,,,0.038,,,,0.018,0.013
5,100_0005_0096.JPG,-38.74050635,143.6784131,98.719,,,,,0.033,,,,0.016,0.011
5,100_0005_0097.JPG,-38.74067274,143.6783941,98.629,,,,,0.025,,,,0.012,0.009
5,100_0005_0098.JPG,-38.7404826,143.6786825,97.965,,,,,0.021,,,,0.01,0.008
5,100_0005_0099.JPG,-38.74030551,143.6789472,98.232,,,,,0.023,,,,0.011,0.008
5,100_0005_0100.JPG,-38.74015929,143.6791577,98.275,,,,,0.031,,,,0.014,0.011
5,100_0005_0101.JPG,-38.739869,143.6791962,97.733,,,,,0.039,,,,0.018,0.013
5,100_0005_0102.JPG,-38.73960279,143.6792345,98.002,,,,,0.043,,,,0.02,0.014
5,100_0005_0103.JPG,-38.73933498,143.6792733,98.144,,,,,0.04,,,,0.018,0.014
5,100_0005_0104.JPG,-38.73907095,143.6793105,98.313,,,,,0.036,,,,0.017,0.013
5,100_0005_0105.JPG,-38.73880352,143.6793477,98.18,,,,,0.03,,,,0.014,0.01
5,100_0005_0106.JPG,-38.73856743,143.6793871,98.319,,,,,0.023,,,,0.011,0.008
5,100_0005_0107.JPG,-38.73836669,143.6796609,97.782,,,,,0.021,,,,0.011,0.008
5,100_0005_0108.JPG,-38.73818081,143.6799123,97.726,,,,,0.025,,,,0.012,0.009
5,100_0005_0109.JPG,-38.73801265,143.6801424,98.076,,,,,0.033,,,,0.015,0.011
5,100_0005_0110.JPG,-38.73801264,143.6801505,98.04,,,,,0.035,,,,0.016,0.012
5,100_0005_0111.JPG,-38.73830708,143.6801081,97.813,,,,,0.041,,,,0.018,0.014
5,100_0005_0112.JPG,-38.73857455,143.6800692,97.833,,,,,0.041,,,,0.018,0.014
5,100_0005_0113.JPG,-38.73883913,143.6800322,97.748,,,,,0.037,,,,0.017,0.013
5,100_0005_0114.JPG,-38.73910506,143.6799931,97.861,,,,,0.032,,,,0.015,0.011
5,100_0005_0115.JPG,-38.73936964,143.6799554,98.051,,,,,0.025,,,,0.012,0.009
5,100_0005_0116.JPG,-38.73962057,143.679918,98.288,,,,,0.021,,,,0.011,0.008
5,100_0005_0117.JPG,-38.73963943,143.6799211,98.118,,,,,0.02,,,,0.01,0.008
5,100_0005_0118.JPG,-38.73944807,143.680211,97.532,,,,,0.027,,,,0.013,0.01
5,100_0005_0119.JPG,-38.73927263,143.6804741,97.512,,,,,0.034,,,,0.016,0.012
5,100_0005_0120.JPG,-38.73912669,143.6806844,97.628,,,,,0.04,,,,0.019,0.014
5,100_0005_0121.JPG,-38.73883611,143.6807245,97.127,,,,,0.045,,,,0.02,0.016
5,100_0005_0122.JPG,-38.73856817,143.6807647,97.38,,,,,0.038,,,,0.017,0.013
5,100_0005_0123.JPG,-38.73830586,143.6808019,97.221,,,,,0.033,,,,0.015,0.011
5,100_0005_0124.JPG,-38.73804019,143.6808395,97.535,,,,,0.026,,,,0.013,0.009
5,100_0005_0125.JPG,-38.73777169,143.6808781,97.718,,,,,0.021,,,,0.011,0.008
5,100_0005_0126.JPG,-38.73750947,143.6809152,97.808,,,,,0.021,,,,0.01,0.008
5,100_0005_0127.JPG,-38.73743365,143.6809301,97.71,,,,,0.023,,,,0.011,0.008
5,100_0005_0128.JPG,-38.73723712,143.6812034,96.982,,,,,0.032,,,,0.015,0.011
5,100_0005_0129.JPG,-38.73704897,143.6814574,97.01,,,,,0.038,,,,0.017,0.013
5,100_0005_0130.JPG,-38.73688035,143.6816875,97.283,,,,,0.041,,,,0.019,0.014
5,100_0005_0131.JPG,-38.73688039,143.6816962,97.294,,,,,0.041,,,,0.019,0.014
5,100_0005_0132.JPG,-38.73717549,143.681656,97.249,,,,,0.037,,,,0.017,0.013
5,100_0005_0133.JPG,-38.73744068,143.6816178,97.256,,,,,0.032,,,,0.015,0.011
5,100_0005_0134.JPG,-38.73770657,143.6815801,97.267,,,,,0.025,,,,0.012,0.009
5,100_0005_0135.JPG,-38.73797254,143.6815422,97.217,,,,,0.021,,,,0.01,0.008
5,100_0005_0136.JPG,-38.73823805,143.6815034,97.219,,,,,0.021,,,,0.01,0.008
5,100_0005_0137.JPG,-38.73850282,143.6814654,97.141,,,,,0.026,,,,0.012,0.009
5,100_0005_0138.JPG,-38.7386104,143.6814548,97.028,,,,,0.033,,,,0.015,0.011
5,100_0005_0139.JPG,-38.73841848,143.681742,96.661,,,,,0.04,,,,0.018,0.014
5,100_0005_0140.JPG,-38.73824268,143.6820056,96.823,,,,,0.041,,,,0.019,0.014
5,100_0005_0141.JPG,-38.73809561,143.6822169,96.801,,,,,0.038,,,,0.017,0.013
5,100_0005_0142.JPG,-38.73780596,143.6822557,96.18,,,,,0.03,,,,0.014,0.01
5,100_0005_0143.JPG,-38.73753763,143.6822931,96.358,,,,,0.025,,,,0.012,0.009
5,100_0005_0144.JPG,-38.73727216,143.6823305,96.475,,,,,0.02,,,,0.01,0.007
5,100_0005_0145.JPG,-38.73700577,143.6823698,96.724,,,,,0.022,,,,0.011,0.008
5,100_0005_0146.JPG,-38.73673808,143.6824075,96.961,,,,,0.028,,,,0.013,0.01
5,100_0005_0147.JPG,-38.73647476,143.6824456,96.918,,,,,0.034,,,,0.016,0.012
5,100_0005_0148.JPG,-38.7362975,143.6824748,97.131,,,,,0.039,,,,0.018,0.013
5,100_0005_0149.JPG,-38.73609923,143.6827449,96.318,,,,,0.041,,,,0.019,0.014
5,100_0005_0150.JPG,-38.73591207,143.6830002,96.313,,,,,0.039,,,,0.018,0.013
5,100_0005_0151.JPG,-38.73574439,143.6832298,96.674,,,,,0.032,,,,0.015,0.011
5,100_0005_0152.JPG,-38.73574379,143.6832382,96.461,,,,,0.03,,,,0.014,0.01
5,100_0005_0153.JPG,-38.73604137,143.683198,96.426,,,,,0.021,,,,0.011,0.008
5,100_0005_0154.JPG,-38.73630764,143.6831591,96.85,,,,,0.021,,,,0.01,0.007
5,100_0005_0155.JPG,-38.73657227,143.683124,96.542,,,,,0.025,,,,0.012,0.009
5,100_0005_0156.JPG,-38.73683831,143.683086,96.449,,,,,0.032,,,,0.015,0.011
5,100_0005_0157.JPG,-38.73710687,143.6830472,96.483,,,,,0.038,,,,0.017,0.013
5,100_0005_0158.JPG,-38.73737181,143.6830087,96.457,,,,,0.041,,,,0.018,0.014
5,100_0005_0159.JPG,-38.73758045,143.6829836,96.139,,,,,0.04,,,,0.018,0.014
5,100_0005_0160.JPG,-38.73738844,143.6832732,95.726,,,,,0.033,,,,0.015,0.011
5,100_0005_0161.JPG,-38.73721424,143.6835378,96.164,,,,,0.027,,,,0.013,0.01
5,100_0005_0162.JPG,-38.7370666,143.6837486,96.425,,,,,0.02,,,,0.01,0.007
5,100_0005_0163.JPG,-38.73677778,143.6837869,95.715,,,,,0.023,,,,0.012,0.009
5,100_0005_0164.JPG,-38.73650812,143.6838264,95.746,,,,,0.029,,,,0.014,0.01
6,100_0006_0001.JPG,-38.73637456,143.6839493,99.788,,,,,0.037,,,,0.017,0.012
6,100_0006_0002.JPG,-38.73648947,143.684287,99.613,,,,,0.024,,,,0.012,0.008
6,100_0006_0003.JPG,-38.73658197,143.6846168,100.103,,,,,0.117,,,,0.053,0.039
6,100_0006_0004.JPG,-38.73659629,143.6846786,100.354,,,,,0.108,,,,0.05,0.035
6,100_0006_0005.JPG,-38.73644117,143.6849849,99.17,,,,,0.091,,,,0.042,0.029
6,100_0006_0006.JPG,-38.73630039,143.6852882,99.608,,,,,0.08,,,,0.037,0.026
6,100_0006_0007.JPG,-38.73624176,143.6854065,100.305,,,,,0.069,,,,0.032,0.022
6,100_0006_0008.JPG,-38.73613448,143.6850445,99.433,,,,,0.052,,,,0.024,0.017
6,100_0006_0009.JPG,-38.73604065,143.6847264,99.604,,,,,0.042,,,,0.02,0.014
6,100_0006_0010.JPG,-38.7359461,143.684405,99.966,,,,,0.033,,,,0.015,0.011
6,100_0006_0011.JPG,-38.73585056,143.6840822,100.033,,,,,0.025,,,,0.012,0.009
6,100_0006_0012.JPG,-38.73575727,143.6837637,100.101,,,,,0.021,,,,0.009,0.007
6,100_0006_0013.JPG,-38.73566201,143.6834464,100.127,,,,,0.107,,,,0.049,0.034
6,100_0006_0014.JPG,-38.73563222,143.6833594,100.357,,,,,0.097,,,,0.045,0.031
6,100_0006_0015.JPG,-38.73547729,143.6836683,99.517,,,,,0.078,,,,0.036,0.025
6,100_0006_0016.JPG,-38.73533849,143.6839633,99.866,,,,,0.066,,,,0.031,0.022
6,100_0006_0017.JPG,-38.73528015,143.6841056,100.259,,,,,0.057,,,,0.026,0.019
6,100_0006_0018.JPG,-38.73538887,143.6844399,98.797,,,,,0.042,,,,0.019,0.014
6,100_0006_0019.JPG,-38.73548082,143.6847701,98.868,,,,,0.033,,,,0.015,0.011
6,100_0006_0020.JPG,-38.73557533,143.6850944,99.454,,,,,0.025,,,,0.012,0.009
6,100_0006_0021.JPG,-38.7356691,143.6854119,99.688,,,,,0.022,,,,0.01,0.008
6,100_0006_0022.JPG,-38.73576395,143.6857339,99.64,,,,,0.106,,,,0.049,0.034
6,100_0006_0023.JPG,-38.7358582,143.6860577,100.165,,,,,0.096,,,,0.044,0.032
6,100_0006_0024.JPG,-38.73588536,143.6861645,100.462,,,,,0.037,,,,0.016,0.013
6,100_0006_0025.JPG,-38.73573147,143.686471,99.022,,,,,0.07,,,,0.032,0.023
6,100_0006_0026.JPG,-38.73559109,143.6867729,99.286,,,,,0.063,,,,0.028,0.022
6,100_0006_0027.JPG,-38.73553163,143.6868883,99.676,,,,,0.04,,,,0.019,0.013
6,100_0006_0028.JPG,-38.73542432,143.6865304,99.198,,,,,0.032,,,,0.015,0.011
6,100_0006_0029.JPG,-38.7353297,143.6862119,99.705,,,,,0.025,,,,0.011,0.009
6,100_0006_0030.JPG,-38.73523559,143.6858936,100.021,,,,,0.021,,,,0.01,0.008
6,100_0006_0031.JPG,-38.73514008,143.68557,99.877,,,,,0.023,,,,0.011,0.008
6,100_0006_0032.JPG,-38.73504643,143.6852519,99.908,,,,,0.028,,,,0.013,0.01
6,100_0006_0033.JPG,-38.73495222,143.6849351,99.785,,,,,0.035,,,,0.016,0.012
6,100_0006_0034.JPG,-38.73492289,143.6848499,99.769,,,,,0.04,,,,0.019,0.013
6,100_0006_0035.JPG,-38.73477117,143.6851642,98.913,,,,,0.043,,,,0.02,0.014
6,100_0006_0036.JPG,-38.73463361,143.6854692,99.316,,,,,0.04,,,,0.019,0.013
6,100_0006_0037.JPG,-38.73457583,143.6856129,99.923,,,,,0.035,,,,0.016,0.011
6,100_0006_0038.JPG,-38.73468165,143.6859549,98.773,,,,,0.025,,,,0.012,0.009
6,100_0006_0039.JPG,-38.73477478,143.6862818,98.877,,,,,0.021,,,,0.01,0.007
6,100_0006_0040.JPG,-38.73487014,143.6866037,99.234,,,,,0.023,,,,0.011,0.008
6,100_0006_0041.JPG,-38.73496532,143.6869209,99.514,,,,,0.028,,,,0.013,0.009
6,100_0006_0042.JPG,-38.73506121,143.6872421,99.245,,,,,0.035,,,,0.016,0.011
6,100_0006_0043.JPG,-38.73515604,143.6875604,99.113,,,,,0.04,,,,0.019,0.013
6,100_0006_0044.JPG,-38.7352066,143.6877532,99.399,,,,,0.043,,,,0.02,0.014
6,100_0006_0045.JPG,-38.73509998,143.6880893,98.39,,,,,0.04,,,,0.019,0.013
6,100_0006_0046.JPG,-38.73499795,143.6884156,98.503,,,,,0.035,,,,0.016,0.012
6,100_0006_0047.JPG,-38.73491053,143.6886796,99.558,,,,,0.025,,,,0.011,0.009
6,100_0006_0048.JPG,-38.73480451,143.6883226,99.006,,,,,0.021,,,,0.01,0.008
6,100_0006_0049.JPG,-38.73471037,143.6880053,99.361,,,,,0.025,,,,0.012,0.009
6,100_0006_0050.JPG,-38.73461456,143.6876821,99.646,,,,,0.032,,,,0.015,0.011
6,100_0006_0051.JPG,-38.73452002,143.6873622,99.841,,,,,0.038,,,,0.018,0.013
6,100_0006_0052.JPG,-38.73442464,143.6870403,99.871,,,,,0.042,,,,0.02,0.014
6,100_0006_0053.JPG,-38.73433132,143.6867209,99.832,,,,,0.043,,,,0.02,0.014
6,100_0006_0054.JPG,-38.73424038,143.6864142,100.002,,,,,0.039,,,,0.018,0.013
6,100_0006_0055.JPG,-38.73422882,143.6863891,100.032,,,,,0.037,,,,0.017,0.012
6,100_0006_0056.JPG,-38.73411398,143.6867281,99.231,,,,,0.026,,,,0.012,0.009
6,100_0006_0057.JPG,-38.73400789,143.6870472,99.242,,,,,0.021,,,,0.01,0.008
6,100_0006_0058.JPG,-38.73392903,143.6873084,99.837,,,,,0.023,,,,0.011,0.008
6,100_0006_0059.JPG,-38.73403706,143.6876459,98.606,,,,,0.032,,,,0.015,0.011
6,100_0006_0060.JPG,-38.73412953,143.6879727,98.916,,,,,0.038,,,,0.018,0.012
6,100_0006_0061.JPG,-38.73422334,143.6882962,99.502,,,,,0.042,,,,0.02,0.014
6,100_0006_0062.JPG,-38.73431693,143.6886148,100.109,,,,,0.043,,,,0.02,0.014
6,100_0006_0063.JPG,-38.73441192,143.6889341,99.963,,,,,0.04,,,,0.019,0.013
6,100_0006_0064.JPG,-38.73450723,143.6892568,100.025,,,,,0.035,,,,0.016,0.012
6,100_0006_0065.JPG,-38.73460213,143.6895762,100.132,,,,,0.03,,,,0.013,0.011
6,100_0006_0066.JPG,-38.73463073,143.6896908,100.031,,,,,0.024,,,,0.011,0.008
6,100_0006_0067.JPG,-38.73455017,143.6900339,98.735,,,,,0.022,,,,0.01,0.007
6,100_0006_0068.JPG,-38.7344721,143.6903732,98.883,,,,,0.028,,,,0.013,0.009
6,100_0006_0069.JPG,-38.73439643,143.6907019,99.574,,,,,0.034,,,,0.016,0.011
6,100_0006_0070.JPG,-38.7343789,143.6907624,99.667,,,,,0.039,,,,0.018,0.013
6,100_0006_0071.JPG,-38.7342752,143.6904086,99.038,,,,,0.043,,,,0.02,0.014
6,100_0006_0072.JPG,-38.73418011,143.6900866,99.321,,,,,0.041,,,,0.019,0.013
6,100_0006_0073.JPG,-38.73408507,143.6897679,99.494,,,,,0.037,,,,0.017,0.012
6,100_0006_0074.JPG,-38.73398917,143.6894464,99.626,,,,,0.03,,,,0.014,0.01
6,100_0006_0075.JPG,-38.73389506,143.6891252,99.564,,,,,0.024,,,,0.011,0.008
6,100_0006_0076.JPG,-38.73380064,143.6888056,99.509,,,,,0.021,,,,0.01,0.007
6,100_0006_0077.JPG,-38.73370547,143.6884823,99.59,,,,,0.023,,,,0.011,0.008
6,100_0006_0078.JPG,-38.73363015,143.6882403,99.635,,,,,0.032,,,,0.015,0.011
6,100_0006_0079.JPG,-38.73353081,143.6885842,98.843,,,,,0.041,,,,0.019,0.014
6,100_0006_0080.JPG,-38.73343459,143.6889157,98.998,,,,,0.043,,,,0.02,0.014
6,100_0006_0081.JPG,-38.73335009,143.6892216,99.705,,,,,0.04,,,,0.019,0.013
6,100_0006_0082.JPG,-38.73336201,143.6892575,99.646,,,,,0.038,,,,0.018,0.013
6,100_0006_0083.JPG,-38.73346009,143.689567,98.579,,,,,0.031,,,,0.015,0.01
6,100_0006_0084.JPG,-38.73355252,143.6898987,98.493,,,,,0.024,,,,0.011,0.009
6,100_0006_0085.JPG,-38.73364636,143.6902201,98.983,,,,,0.021,,,,0.01,0.007
6,100_0006_0086.JPG,-38.73374109,143.6905397,99.422,,,,,0.023,,,,0.011,0.008
6,100_0006_0087.JPG,-38.73383647,143.6908614,99.839,,,,,0.029,,,,0.014,0.01
6,100_0006_0088.JPG,-38.73392933,143.6911751,100.17,,,,,0.036,,,,0.017,0.012
6,100_0006_0089.JPG,-38.73393972,143.6912257,100.016,,,,,0.04,,,,0.019,0.013
6,100_0006_0090.JPG,-38.7336506,143.6911663,98.752,,,,,0.043,,,,0.02,0.014
6,100_0006_0091.JPG,-38.73338341,143.6911229,99.322,,,,,0.04,,,,0.019,0.013
6,100_0006_0092.JPG,-38.73333326,143.6911051,99.492,,,,,0.037,,,,0.018,0.012
6,100_0006_0093.JPG,-38.73323038,143.6907602,98.806,,,,,0.027,,,,0.013,0.009
6,100_0006_0094.JPG,-38.73321503,143.690694,98.835,,,,,0.023,,,,0.011,0.008
6,100_0006_0095.JPG,-38.73345783,143.6909049,98.682,,,,,0.023,,,,0.01,0.008
6,100_0006_0096.JPG,-38.73367783,143.6911108,99.254,,,,,0.029,,,,0.013,0.01
6,100_0006_0097.JPG,-38.73377588,143.6911941,99.318,,,,,0.036,,,,0.016,0.012
6,100_0006_0098.JPG,-38.73405386,143.6910577,98.691,,,,,0.041,,,,0.019,0.014
6,100_0006_0099.JPG,-38.73429618,143.6909409,98.912,,,,,0.043,,,,0.02,0.014
6,100_0006_0100.JPG,-38.73435281,143.6909066,98.883,,,,,0.042,,,,0.02,0.014
6,100_0006_0101.JPG,-38.73443514,143.6905442,98.729,,,,,0.036,,,,0.017,0.012
6,100_0006_0102.JPG,-38.73450959,143.6902189,98.937,,,,,0.029,,,,0.014,0.01
6,100_0006_0103.JPG,-38.73453337,143.6900926,99.107,,,,,0.023,,,,0.011,0.009
6,100_0006_0104.JPG,-38.73426155,143.6902099,98.056,,,,,0.023,,,,0.011,0.008
6,100_0006_0105.JPG,-38.73400451,143.690343,98.374,,,,,0.029,,,,0.014,0.01
6,100_0006_0106.JPG,-38.73375462,143.6904647,99.134,,,,,0.035,,,,0.017,0.012
6,100_0006_0107.JPG,-38.73350263,143.6905868,99.701,,,,,0.044,,,,0.019,0.016
6,100_0006_0108.JPG,-38.73325655,143.6907087,100.606,,,,,0.044,,,,0.02,0.015
6,100_0006_0109.JPG,-38.73320797,143.6907262,100.592,,,,,0.042,,,,0.02,0.014
6,100_0006_0110.JPG,-38.7332282,143.6903446,99.385,,,,,0.036,,,,0.017,0.012
6,100_0006_0111.JPG,-38.73324775,143.6900178,99.639,,,,,0.029,,,,0.013,0.01
6,100_0006_0112.JPG,-38.73325605,143.6899758,99.521,,,,,0.028,,,,0.012,0.009
6,100_0006_0113.JPG,-38.73353504,143.6898384,98.864,,,,,0.021,,,,0.009,0.007
6,100_0006_0114.JPG,-38.73378207,143.6897177,98.88,,,,,0.024,,,,0.011,0.009
6,100_0006_0115.JPG,-38.73403152,143.6895963,98.962,,,,,0.031,,,,0.014,0.01
6,100_0006_0116.JPG,-38.73428263,143.6894725,99.156,,,,,0.037,,,,0.017,0.012
6,100_0006_0117.JPG,-38.73453176,143.6893518,99.124,,,,,0.041,,,,0.02,0.014
6,100_0006_0118.JPG,-38.73473913,143.6892466,99.165,,,,,0.043,,,,0.02,0.014
6,100_0006_0119.JPG,-38.73484965,143.6888933,98.732,,,,,0.038,,,,0.018,0.013
6,100_0006_0120.JPG,-38.73494752,143.688579,98.666,,,,,0.032,,,,0.015,0.011
6,100_0006_0121.JPG,-38.73500109,143.6883924,98.952,,,,,0.025,,,,0.011,0.009
6,100_0006_0122.JPG,-38.7347286,143.6885117,98.447,,,,,0.022,,,,0.01,0.008
6,100_0006_0123.JPG,-38.73447395,143.6886425,98.696,,,,,0.027,,,,0.013,0.009
6,100_0006_0124.JPG,-38.73422049,143.6887678,99.476,,,,,0.034,,,,0.016,0.011
6,100_0006_0125.JPG,-38.73397268,143.6888879,99.484,,,,,0.039,,,,0.019,0.013
6,100_0006_0126.JPG,-38.73372077,143.6890101,99.792,,,,,0.042,,,,0.02,0.014
6,100_0006_0127.JPG,-38.73347305,143.68913,99.919,,,,,0.042,,,,0.02,0.014
6,100_0006_0128.JPG,-38.73336489,143.6891802,100.065,,,,,0.038,,,,0.018,0.013
6,100_0006_0129.JPG,-38.73346432,143.68882,99.362,,,,,0.029,,,,0.013,0.01
6,100_0006_0130.JPG,-38.73355343,143.6884986,99.444,,,,,0.024,,,,0.01,0.008
6,100_0006_0131.JPG,-38.73360456,143.6883336,99.349,,,,,0.021,,,,0.009,0.007
6,100_0006_0132.JPG,-38.73388278,143.6881988,98.474,,,,,0.026,,,,0.012,0.009
6,100_0006_0133.JPG,-38.73413258,143.6880774,98.57,,,,,0.032,,,,0.015,0.011
6,100_0006_0134.JPG,-38.73438395,143.6879553,98.689,,,,,0.036,,,,0.018,0.013
6,100_0006_0135.JPG,-38.73463276,143.6878343,98.756,,,,,0.038,,,,0.019,0.014
6,100_0006_0136.JPG,-38.73488517,143.6877118,98.86,,,,,0.037,,,,0.019,0.014
6,100_0006_0137.JPG,-38.73513436,143.6875897,99.013,,,,,0.034,,,,0.017,0.013
6,100_0006_0138.JPG,-38.73528005,143.6875126,99.039,,,,,0.03,,,,0.015,0.011
6,100_0006_0139.JPG,-38.73536556,143.687244,98.713,,,,,0.023,,,,0.011,0.009
6,100_0006_0140.JPG,-38.73551433,143.6869418,98.456,,,,,0.02,,,,0.01,0.008
6,100_0006_0141.JPG,-38.73564931,143.6866575,98.804,,,,,0.022,,,,0.011,0.008
6,100_0006_0142.JPG,-38.73567438,143.6865942,98.902,,,,,0.025,,,,0.013,0.01
6,100_0006_0143.JPG,-38.73539838,143.6867133,98.164,,,,,0.033,,,,0.017,0.013
6,100_0006_0144.JPG,-38.73514481,143.6868462,98.569,,,,,0.035,,,,0.018,0.014
6,100_0006_0145.JPG,-38.73489347,143.6869694,99.815,,,,,0.035,,,,0.018,0.014
6,100_0006_0146.JPG,-38.73464373,143.6870893,99.705,,,,,0.033,,,,0.017,0.013
6,100_0006_0147.JPG,-38.7343939,143.6872099,99.575,,,,,0.029,,,,0.015,0.011
6,100_0006_0148.JPG,-38.73414403,143.6873332,99.737,,,,,0.025,,,,0.012,0.009
6,100_0006_0149.JPG,-38.7339006,143.6874531,100.094,,,,,0.02,,,,0.01,0.007
6,100_0006_0150.JPG,-38.73387711,143.6874596,100.141,,,,,0.02,,,,0.009,0.008
6,100_0006_0151.JPG,-38.7339904,143.6871043,99.428,,,,,0.025,,,,0.012,0.009
6,100_0006_0152.JPG,-38.7340922,143.6867921,99.725,,,,,0.029,,,,0.014,0.011
6,100_0006_0153.JPG,-38.73416371,143.6865901,99.929,,,,,0.033,,,,0.017,0.013
6,100_0006_0154.JPG,-38.73444216,143.6864548,99.349,,,,,0.035,,,,0.018,0.014
6,100_0006_0155.JPG,-38.73468927,143.6863325,99.21,,,,,0.034,,,,0.017,0.013
6,100_0006_0156.JPG,-38.73493743,143.6862103,98.962,,,,,0.031,,,,0.015,0.012
6,100_0006_0157.JPG,-38.73518968,143.6860868,99.153,,,,,0.026,,,,0.013,0.01
6,100_0006_0158.JPG,-38.73543931,143.6859672,99.262,,,,,0.021,,,,0.01,0.008
6,100_0006_0159.JPG,-38.73569154,143.6858456,99.039,,,,,0.02,,,,0.009,0.007
6,100_0006_0160.JPG,-38.73594083,143.6857241,99.207,,,,,0.022,,,,0.01,0.008
6,100_0006_0161.JPG,-38.73614162,143.6856199,98.943,,,,,0.027,,,,0.014,0.01
6,100_0006_0162.JPG,-38.73629375,143.6852987,98.966,,,,,0.033,,,,0.017,0.013
6,100_0006_0163.JPG,-38.73643164,143.6850088,98.996,,,,,0.035,,,,0.018,0.014
6,100_0006_0164.JPG,-38.73656653,143.6847239,99.184,,,,,0.035,,,,0.018,0.014
6,100_0006_0165.JPG,-38.73658489,143.6846756,99.22,,,,,0.033,,,,0.017,0.013
6,100_0006_0166.JPG,-38.73630932,143.6847972,98.169,,,,,0.026,,,,0.013,0.01
6,100_0006_0167.JPG,-38.73605629,143.68493,98.63,,,,,0.022,,,,0.01,0.008
6,100_0006_0168.JPG,-38.7358064,143.6850509,99.235,,,,,0.019,,,,0.01,0.008
6,100_0006_0169.JPG,-38.73555634,143.6851717,99.383,,,,,0.021,,,,0.01,0.008
6,100_0006_0170.JPG,-38.73530603,143.6852937,99.809,,,,,0.026,,,,0.013,0.01
6,100_0006_0171.JPG,-38.73505543,143.6854159,99.946,,,,,0.03,,,,0.015,0.012
6,100_0006_0172.JPG,-38.73480197,143.685538,100.132,,,,,0.034,,,,0.017,0.013
6,100_0006_0173.JPG,-38.73456414,143.6856584,100.624,,,,,0.035,,,,0.018,0.014
6,100_0006_0174.JPG,-38.73454722,143.6856614,100.62,,,,,0.035,,,,0.018,0.014
6,100_0006_0175.JPG,-38.73469683,143.685332,99.907,,,,,0.03,,,,0.015,0.012
6,100_0006_0176.JPG,-38.73483156,143.6850371,99.977,,,,,0.026,,,,0.013,0.01
6,100_0006_0177.JPG,-38.7349624,143.6847542,99.959,,,,,0.023,,,,0.01,0.008
6,100_0006_0178.JPG,-38.73498358,143.6847178,99.919,,,,,0.02,,,,0.01,0.008
6,100_0006_0179.JPG,-38.7352598,143.6845857,99.18,,,,,0.022,,,,0.01,0.008
6,100_0006_0180.JPG,-38.73550845,143.6844643,99.168,,,,,0.026,,,,0.013,0.01
6,100_0006_0181.JPG,-38.73575791,143.6843418,99.292,,,,,0.03,,,,0.015,0.012
6,100_0006_0182.JPG,-38.73600894,143.684219,99.315,,,,,0.034,,,,0.017,0.013
6,100_0006_0183.JPG,-38.73625756,143.6840983,99.025,,,,,0.035,,,,0.018,0.014
6,100_0006_0184.JPG,-38.73644286,143.6840018,98.846,,,,,0.033,,,,0.017,0.013
6,100_0006_0185.JPG,-38.73620277,143.6837796,98.274,,,,,0.027,,,,0.014,0.01
6,100_0006_0186.JPG,-38.73598398,143.6835827,99.026,,,,,0.022,,,,0.011,0.008
6,100_0006_0187.JPG,-38.73591475,143.6835276,99.33,,,,,0.02,,,,0.01,0.007
6,100_0006_0188.JPG,-38.73564348,143.6836578,98.337,,,,,0.022,,,,0.011,0.009
